/*
 Navicat Premium Data Transfer

 Source Server         : pncs-oracle
 Source Server Type    : Oracle
 Source Server Version : 110200
 Source Schema         : PNCS

 Target Server Type    : Oracle
 Target Server Version : 110200
 File Encoding         : 65001

 Date: 25/04/2020 14:00:38
*/


-- ----------------------------
-- Table structure for SYS_DEPT
-- ----------------------------
DROP TABLE "PNCS"."SYS_DEPT";
CREATE TABLE "PNCS"."SYS_DEPT" (
  "ID" VARCHAR2(32 BYTE) NOT NULL,
  "NAME" VARCHAR2(255 BYTE),
  "PID" VARCHAR2(32 BYTE),
  "ENABLED" CHAR(1 BYTE),
  "CREATE_TIME" DATE,
  "CRT_USER_CODE" VARCHAR2(32 BYTE),
  "CRT_ORG_CODE" VARCHAR2(32 BYTE),
  "CRT_DATE" DATE,
  "UPD_USER_CODE" VARCHAR2(32 BYTE),
  "UPD_ORG_CODE" VARCHAR2(32 BYTE),
  "UPD_DATE" DATE,
  "TENANT" VARCHAR2(32 BYTE)
)
TABLESPACE "TS_PNCS"
LOGGING
NOCOMPRESS
PCTFREE 10
INITRANS 1
STORAGE (
  INITIAL 65536 
  NEXT 1048576 
  MINEXTENTS 1
  MAXEXTENTS 2147483645
  BUFFER_POOL DEFAULT
)
PARALLEL 1
NOCACHE
DISABLE ROW MOVEMENT
;
COMMENT ON COLUMN "PNCS"."SYS_DEPT"."ID" IS 'ID';
COMMENT ON COLUMN "PNCS"."SYS_DEPT"."NAME" IS '名称';
COMMENT ON COLUMN "PNCS"."SYS_DEPT"."PID" IS '上级部门';
COMMENT ON COLUMN "PNCS"."SYS_DEPT"."ENABLED" IS '状态';
COMMENT ON COLUMN "PNCS"."SYS_DEPT"."CREATE_TIME" IS '创建日期';
COMMENT ON COLUMN "PNCS"."SYS_DEPT"."CRT_USER_CODE" IS '创建人';
COMMENT ON COLUMN "PNCS"."SYS_DEPT"."CRT_ORG_CODE" IS '创建机构';
COMMENT ON COLUMN "PNCS"."SYS_DEPT"."CRT_DATE" IS '创建日期';
COMMENT ON COLUMN "PNCS"."SYS_DEPT"."UPD_USER_CODE" IS '修改人';
COMMENT ON COLUMN "PNCS"."SYS_DEPT"."UPD_ORG_CODE" IS '修改机构';
COMMENT ON COLUMN "PNCS"."SYS_DEPT"."UPD_DATE" IS '修改日期';
COMMENT ON COLUMN "PNCS"."SYS_DEPT"."TENANT" IS '租户';
COMMENT ON TABLE "PNCS"."SYS_DEPT" IS '应用层-部门信息表';

-- ----------------------------
-- Records of SYS_DEPT
-- ----------------------------
INSERT INTO "PNCS"."SYS_DEPT" VALUES ('2', '研发部', '7', '1', TO_DATE('2019-03-25 09:15:32', 'SYYYY-MM-DD HH24:MI:SS'), NULL, NULL, NULL, NULL, NULL, NULL, NULL);
INSERT INTO "PNCS"."SYS_DEPT" VALUES ('5', '运维部', '7', '0', TO_DATE('2019-03-25 09:20:44', 'SYYYY-MM-DD HH24:MI:SS'), NULL, NULL, NULL, NULL, NULL, NULL, NULL);
INSERT INTO "PNCS"."SYS_DEPT" VALUES ('6', '测试部', '8', '1', TO_DATE('2019-03-25 09:52:18', 'SYYYY-MM-DD HH24:MI:SS'), NULL, NULL, NULL, NULL, NULL, NULL, NULL);
INSERT INTO "PNCS"."SYS_DEPT" VALUES ('11', '人事部', '8', '1', TO_DATE('2019-03-25 11:07:58', 'SYYYY-MM-DD HH24:MI:SS'), NULL, NULL, NULL, NULL, NULL, NULL, NULL);
INSERT INTO "PNCS"."SYS_DEPT" VALUES ('8b81e4816f453895016f453e249a0041', '测试部', '1', '1', TO_DATE('2019-12-27 10:44:58', 'SYYYY-MM-DD HH24:MI:SS'), NULL, NULL, NULL, NULL, NULL, NULL, NULL);
INSERT INTO "PNCS"."SYS_DEPT" VALUES ('1', 'EL-ADMIN', '0', '1', TO_DATE('2019-03-01 12:07:37', 'SYYYY-MM-DD HH24:MI:SS'), NULL, NULL, NULL, NULL, NULL, NULL, NULL);
INSERT INTO "PNCS"."SYS_DEPT" VALUES ('7', '鍗庡崡鍒嗛儴', '1', '1', TO_DATE('2019-03-25 11:04:50', 'SYYYY-MM-DD HH24:MI:SS'), NULL, NULL, NULL, NULL, NULL, NULL, NULL);
INSERT INTO "PNCS"."SYS_DEPT" VALUES ('8', '鍗庡寳鍒嗛儴', '1', '1', TO_DATE('2019-03-25 11:04:53', 'SYYYY-MM-DD HH24:MI:SS'), NULL, NULL, NULL, NULL, NULL, NULL, NULL);

-- ----------------------------
-- Table structure for SYS_DICT
-- ----------------------------
DROP TABLE "PNCS"."SYS_DICT";
CREATE TABLE "PNCS"."SYS_DICT" (
  "ID" VARCHAR2(32 BYTE) NOT NULL,
  "DICT_NAME" VARCHAR2(100 BYTE),
  "NAME" VARCHAR2(32 BYTE),
  "DICT_CODE" VARCHAR2(100 BYTE),
  "REMARK" VARCHAR2(255 BYTE),
  "DESCRIPTION" VARCHAR2(255 BYTE),
  "DEL_FLAG" NUMBER(1,0),
  "CREATE_BY" VARCHAR2(32 BYTE),
  "CREATE_TIME" DATE,
  "UPDATE_BY" VARCHAR2(32 BYTE),
  "UPDATE_TIME" DATE,
  "TYPE" NUMBER(1,0),
  "CRT_USER_CODE" VARCHAR2(32 BYTE),
  "CRT_ORG_CODE" VARCHAR2(32 BYTE),
  "CRT_DATE" DATE,
  "UPD_USER_CODE" VARCHAR2(32 BYTE),
  "UPD_ORG_CODE" VARCHAR2(32 BYTE),
  "UPD_DATE" DATE,
  "TENANT" VARCHAR2(32 BYTE)
)
TABLESPACE "TS_PNCS"
LOGGING
NOCOMPRESS
PCTFREE 10
INITRANS 1
STORAGE (
  INITIAL 65536 
  NEXT 1048576 
  MINEXTENTS 1
  MAXEXTENTS 2147483645
  BUFFER_POOL DEFAULT
)
PARALLEL 1
NOCACHE
DISABLE ROW MOVEMENT
;
COMMENT ON COLUMN "PNCS"."SYS_DICT"."ID" IS '主键ID';
COMMENT ON COLUMN "PNCS"."SYS_DICT"."DICT_NAME" IS '字典名称';
COMMENT ON COLUMN "PNCS"."SYS_DICT"."NAME" IS '字典名称';
COMMENT ON COLUMN "PNCS"."SYS_DICT"."DICT_CODE" IS '字典编码';
COMMENT ON COLUMN "PNCS"."SYS_DICT"."REMARK" IS '描述';
COMMENT ON COLUMN "PNCS"."SYS_DICT"."DESCRIPTION" IS '描述';
COMMENT ON COLUMN "PNCS"."SYS_DICT"."DEL_FLAG" IS '删除状态';
COMMENT ON COLUMN "PNCS"."SYS_DICT"."CREATE_BY" IS '创建人';
COMMENT ON COLUMN "PNCS"."SYS_DICT"."CREATE_TIME" IS '创建时间';
COMMENT ON COLUMN "PNCS"."SYS_DICT"."UPDATE_BY" IS '更新人';
COMMENT ON COLUMN "PNCS"."SYS_DICT"."UPDATE_TIME" IS '更新时间';
COMMENT ON COLUMN "PNCS"."SYS_DICT"."TYPE" IS '字典类型0为string,1为number';
COMMENT ON COLUMN "PNCS"."SYS_DICT"."CRT_USER_CODE" IS '创建人';
COMMENT ON COLUMN "PNCS"."SYS_DICT"."CRT_ORG_CODE" IS '创建机构';
COMMENT ON COLUMN "PNCS"."SYS_DICT"."CRT_DATE" IS '创建日期';
COMMENT ON COLUMN "PNCS"."SYS_DICT"."UPD_USER_CODE" IS '修改人';
COMMENT ON COLUMN "PNCS"."SYS_DICT"."UPD_ORG_CODE" IS '修改机构';
COMMENT ON COLUMN "PNCS"."SYS_DICT"."UPD_DATE" IS '修改日期';
COMMENT ON COLUMN "PNCS"."SYS_DICT"."TENANT" IS '租户';
COMMENT ON TABLE "PNCS"."SYS_DICT" IS '应用层-数据字典表';

-- ----------------------------
-- Records of SYS_DICT
-- ----------------------------
INSERT INTO "PNCS"."SYS_DICT" VALUES ('8b81e4816f3ffacd016f400499fa0013', NULL, 'SYS_DEPT_type', NULL, '机构类型', NULL, NULL, NULL, TO_DATE('2019-12-26 10:24:01', 'SYYYY-MM-DD HH24:MI:SS'), NULL, NULL, NULL, NULL, NULL, NULL, NULL, NULL, NULL, NULL);
INSERT INTO "PNCS"."SYS_DICT" VALUES ('1', NULL, 'user_status', NULL, '用户状态', NULL, NULL, NULL, TO_DATE('2019-10-27 20:31:36', 'SYYYY-MM-DD HH24:MI:SS'), NULL, NULL, NULL, NULL, NULL, NULL, NULL, NULL, NULL, NULL);
INSERT INTO "PNCS"."SYS_DICT" VALUES ('4', NULL, 'SYS_DEPT_status', NULL, '部门状态', NULL, NULL, NULL, TO_DATE('2019-10-27 20:31:36', 'SYYYY-MM-DD HH24:MI:SS'), NULL, NULL, NULL, NULL, NULL, NULL, NULL, NULL, NULL, NULL);
INSERT INTO "PNCS"."SYS_DICT" VALUES ('5', NULL, 'job_status', NULL, '岗位状态', NULL, NULL, NULL, TO_DATE('2019-10-27 20:31:36', 'SYYYY-MM-DD HH24:MI:SS'), NULL, NULL, NULL, NULL, NULL, NULL, NULL, NULL, NULL, NULL);
INSERT INTO "PNCS"."SYS_DICT" VALUES ('6', NULL, 'password', NULL, NULL, NULL, NULL, NULL, NULL, NULL, NULL, NULL, NULL, NULL, NULL, NULL, NULL, NULL, NULL);

-- ----------------------------
-- Table structure for SYS_DICT_DETAIL
-- ----------------------------
DROP TABLE "PNCS"."SYS_DICT_DETAIL";
CREATE TABLE "PNCS"."SYS_DICT_DETAIL" (
  "ID" VARCHAR2(32 BYTE) NOT NULL,
  "LABEL" VARCHAR2(255 BYTE),
  "VALUE" VARCHAR2(255 BYTE),
  "SORT" VARCHAR2(5 BYTE),
  "DICT_ID" VARCHAR2(32 BYTE),
  "CREATE_TIME" DATE,
  "CRT_USER_CODE" VARCHAR2(32 BYTE),
  "CRT_ORG_CODE" VARCHAR2(32 BYTE),
  "CRT_DATE" DATE,
  "UPD_USER_CODE" VARCHAR2(32 BYTE),
  "UPD_ORG_CODE" VARCHAR2(32 BYTE),
  "UPD_DATE" DATE,
  "TENANT" VARCHAR2(32 BYTE)
)
TABLESPACE "TS_PNCS"
LOGGING
NOCOMPRESS
PCTFREE 10
INITRANS 1
STORAGE (
  INITIAL 65536 
  NEXT 1048576 
  MINEXTENTS 1
  MAXEXTENTS 2147483645
  BUFFER_POOL DEFAULT
)
PARALLEL 1
NOCACHE
DISABLE ROW MOVEMENT
;
COMMENT ON COLUMN "PNCS"."SYS_DICT_DETAIL"."ID" IS '主键ID';
COMMENT ON COLUMN "PNCS"."SYS_DICT_DETAIL"."LABEL" IS '字典标签';
COMMENT ON COLUMN "PNCS"."SYS_DICT_DETAIL"."VALUE" IS '字典值';
COMMENT ON COLUMN "PNCS"."SYS_DICT_DETAIL"."SORT" IS '排序';
COMMENT ON COLUMN "PNCS"."SYS_DICT_DETAIL"."DICT_ID" IS '字典id';
COMMENT ON COLUMN "PNCS"."SYS_DICT_DETAIL"."CREATE_TIME" IS '创建日期';
COMMENT ON COLUMN "PNCS"."SYS_DICT_DETAIL"."CRT_USER_CODE" IS '创建人';
COMMENT ON COLUMN "PNCS"."SYS_DICT_DETAIL"."CRT_ORG_CODE" IS '创建机构';
COMMENT ON COLUMN "PNCS"."SYS_DICT_DETAIL"."CRT_DATE" IS '创建日期';
COMMENT ON COLUMN "PNCS"."SYS_DICT_DETAIL"."UPD_USER_CODE" IS '修改人';
COMMENT ON COLUMN "PNCS"."SYS_DICT_DETAIL"."UPD_ORG_CODE" IS '修改机构';
COMMENT ON COLUMN "PNCS"."SYS_DICT_DETAIL"."UPD_DATE" IS '修改日期';
COMMENT ON COLUMN "PNCS"."SYS_DICT_DETAIL"."TENANT" IS '租户';
COMMENT ON TABLE "PNCS"."SYS_DICT_DETAIL" IS '应用层-数据字典详情表';

-- ----------------------------
-- Records of SYS_DICT_DETAIL
-- ----------------------------
INSERT INTO "PNCS"."SYS_DICT_DETAIL" VALUES ('8b81e4816f400cba016f400e89fb0000', '总行', '01', '1', '8b81e4816f3ffacd016f400499fa0013', TO_DATE('2019-12-26 10:34:52', 'SYYYY-MM-DD HH24:MI:SS'), NULL, NULL, NULL, NULL, NULL, NULL, NULL);
INSERT INTO "PNCS"."SYS_DICT_DETAIL" VALUES ('8b81e4816f400cba016f400eea930006', '支行', '03', '999', '8b81e4816f3ffacd016f400499fa0013', TO_DATE('2019-12-26 10:35:17', 'SYYYY-MM-DD HH24:MI:SS'), NULL, NULL, NULL, NULL, NULL, NULL, NULL);
INSERT INTO "PNCS"."SYS_DICT_DETAIL" VALUES ('1', '激活', 'true', '1', '1', NULL, NULL, NULL, NULL, NULL, NULL, NULL, NULL);
INSERT INTO "PNCS"."SYS_DICT_DETAIL" VALUES ('2', '禁用', 'false', '2', '1', NULL, NULL, NULL, NULL, NULL, NULL, NULL, NULL);
INSERT INTO "PNCS"."SYS_DICT_DETAIL" VALUES ('3', '启用', 'true', '1', '4', NULL, NULL, NULL, NULL, NULL, NULL, NULL, NULL);
INSERT INTO "PNCS"."SYS_DICT_DETAIL" VALUES ('4', '停用', 'false', '2', '4', NULL, NULL, NULL, NULL, NULL, NULL, NULL, NULL);
INSERT INTO "PNCS"."SYS_DICT_DETAIL" VALUES ('5', '启用', 'true', '1', '5', NULL, NULL, NULL, NULL, NULL, NULL, NULL, NULL);
INSERT INTO "PNCS"."SYS_DICT_DETAIL" VALUES ('6', '停用', 'false', '2', '5', NULL, NULL, NULL, NULL, NULL, NULL, NULL, NULL);
INSERT INTO "PNCS"."SYS_DICT_DETAIL" VALUES ('8b81e4816f400cba016f400eccb80003', '分行', '02', '999', '8b81e4816f3ffacd016f400499fa0013', TO_DATE('2019-12-26 10:35:09', 'SYYYY-MM-DD HH24:MI:SS'), NULL, NULL, NULL, NULL, NULL, NULL, NULL);
INSERT INTO "PNCS"."SYS_DICT_DETAIL" VALUES ('11', '密码', '123456', '1', '6', NULL, NULL, NULL, NULL, NULL, NULL, NULL, NULL);

-- ----------------------------
-- Table structure for SYS_JOB
-- ----------------------------
DROP TABLE "PNCS"."SYS_JOB";
CREATE TABLE "PNCS"."SYS_JOB" (
  "ID" VARCHAR2(32 BYTE) NOT NULL,
  "NAME" VARCHAR2(255 BYTE),
  "ENABLED" CHAR(1 BYTE),
  "SORT" NUMBER(19,0),
  "DEPT_ID" VARCHAR2(32 BYTE),
  "CREATE_TIME" DATE,
  "CRT_USER_CODE" VARCHAR2(32 BYTE),
  "CRT_ORG_CODE" VARCHAR2(32 BYTE),
  "CRT_DATE" DATE,
  "UPD_USER_CODE" VARCHAR2(32 BYTE),
  "UPD_ORG_CODE" VARCHAR2(32 BYTE),
  "UPD_DATE" DATE,
  "TENANT" VARCHAR2(32 BYTE)
)
TABLESPACE "TS_PNCS"
LOGGING
NOCOMPRESS
PCTFREE 10
INITRANS 1
STORAGE (
  BUFFER_POOL DEFAULT
)
PARALLEL 1
NOCACHE
DISABLE ROW MOVEMENT
;
COMMENT ON COLUMN "PNCS"."SYS_JOB"."ID" IS 'ID';
COMMENT ON COLUMN "PNCS"."SYS_JOB"."NAME" IS '岗位名称';
COMMENT ON COLUMN "PNCS"."SYS_JOB"."ENABLED" IS '岗位状态';
COMMENT ON COLUMN "PNCS"."SYS_JOB"."SORT" IS '岗位排序';
COMMENT ON COLUMN "PNCS"."SYS_JOB"."DEPT_ID" IS '部门ID';
COMMENT ON COLUMN "PNCS"."SYS_JOB"."CREATE_TIME" IS '创建日期';
COMMENT ON COLUMN "PNCS"."SYS_JOB"."CRT_USER_CODE" IS '创建用户';
COMMENT ON COLUMN "PNCS"."SYS_JOB"."CRT_ORG_CODE" IS '创建机构';
COMMENT ON COLUMN "PNCS"."SYS_JOB"."CRT_DATE" IS '创建时间';
COMMENT ON COLUMN "PNCS"."SYS_JOB"."UPD_USER_CODE" IS '修改用户';
COMMENT ON COLUMN "PNCS"."SYS_JOB"."UPD_ORG_CODE" IS '修改机构';
COMMENT ON COLUMN "PNCS"."SYS_JOB"."UPD_DATE" IS '修改时间';
COMMENT ON COLUMN "PNCS"."SYS_JOB"."TENANT" IS '租户';
COMMENT ON TABLE "PNCS"."SYS_JOB" IS '应用层-岗位表';

-- ----------------------------
-- Records of SYS_JOB
-- ----------------------------

-- ----------------------------
-- Table structure for SYS_LOG
-- ----------------------------
DROP TABLE "PNCS"."SYS_LOG";
CREATE TABLE "PNCS"."SYS_LOG" (
  "ID" VARCHAR2(32 BYTE) NOT NULL,
  "CREATE_TIME" DATE,
  "DESCRIPTION" VARCHAR2(255 BYTE),
  "EXCEPTION_DETAIL" CLOB,
  "LOG_TYPE" VARCHAR2(255 BYTE),
  "METHOD" VARCHAR2(255 BYTE),
  "PARAMS" CLOB,
  "REQUEST_IP" VARCHAR2(255 BYTE),
  "TIME" NUMBER(19,0),
  "USERNAME" VARCHAR2(255 BYTE),
  "ADDRESS" VARCHAR2(255 BYTE),
  "BROWSER" VARCHAR2(255 BYTE),
  "CRT_USER_CODE" VARCHAR2(32 BYTE),
  "CRT_ORG_CODE" VARCHAR2(32 BYTE),
  "CRT_DATE" DATE,
  "UPD_USER_CODE" VARCHAR2(32 BYTE),
  "UPD_ORG_CODE" VARCHAR2(32 BYTE),
  "UPD_DATE" DATE,
  "TENANT" VARCHAR2(32 BYTE)
)
TABLESPACE "TS_PNCS"
LOGGING
NOCOMPRESS
PCTFREE 10
INITRANS 1
STORAGE (
  BUFFER_POOL DEFAULT
)
PARALLEL 1
NOCACHE
DISABLE ROW MOVEMENT
;
COMMENT ON COLUMN "PNCS"."SYS_LOG"."ID" IS '主键ID';
COMMENT ON COLUMN "PNCS"."SYS_LOG"."CREATE_TIME" IS '时间';
COMMENT ON COLUMN "PNCS"."SYS_LOG"."DESCRIPTION" IS '描述';
COMMENT ON COLUMN "PNCS"."SYS_LOG"."EXCEPTION_DETAIL" IS '异常';
COMMENT ON COLUMN "PNCS"."SYS_LOG"."LOG_TYPE" IS '类型';
COMMENT ON COLUMN "PNCS"."SYS_LOG"."METHOD" IS '方法';
COMMENT ON COLUMN "PNCS"."SYS_LOG"."PARAMS" IS '参数';
COMMENT ON COLUMN "PNCS"."SYS_LOG"."REQUEST_IP" IS 'IP';
COMMENT ON COLUMN "PNCS"."SYS_LOG"."TIME" IS '耗时';
COMMENT ON COLUMN "PNCS"."SYS_LOG"."USERNAME" IS '用户';
COMMENT ON COLUMN "PNCS"."SYS_LOG"."ADDRESS" IS '地址';
COMMENT ON COLUMN "PNCS"."SYS_LOG"."BROWSER" IS '浏览器';
COMMENT ON COLUMN "PNCS"."SYS_LOG"."CRT_USER_CODE" IS '创建用户';
COMMENT ON COLUMN "PNCS"."SYS_LOG"."CRT_ORG_CODE" IS '创建机构';
COMMENT ON COLUMN "PNCS"."SYS_LOG"."CRT_DATE" IS '创建时间';
COMMENT ON COLUMN "PNCS"."SYS_LOG"."UPD_USER_CODE" IS '修改用户';
COMMENT ON COLUMN "PNCS"."SYS_LOG"."UPD_ORG_CODE" IS '修改机构';
COMMENT ON COLUMN "PNCS"."SYS_LOG"."UPD_DATE" IS '修改时间';
COMMENT ON COLUMN "PNCS"."SYS_LOG"."TENANT" IS '租户';
COMMENT ON TABLE "PNCS"."SYS_LOG" IS '应用层-系统日志表';

-- ----------------------------
-- Records of SYS_LOG
-- ----------------------------

-- ----------------------------
-- Table structure for SYS_MENU
-- ----------------------------
DROP TABLE "PNCS"."SYS_MENU";
CREATE TABLE "PNCS"."SYS_MENU" (
  "ID" VARCHAR2(32 BYTE) NOT NULL,
  "I_FRAME" CHAR(1 BYTE),
  "NAME" VARCHAR2(255 BYTE),
  "COMPONENT" VARCHAR2(255 BYTE),
  "PID" VARCHAR2(32 BYTE),
  "SORT" NUMBER(19,0),
  "ICON" VARCHAR2(255 BYTE),
  "PATH" VARCHAR2(255 BYTE),
  "CACHE" CHAR(1 BYTE),
  "HIDDEN" CHAR(1 BYTE),
  "COMPONENT_NAME" VARCHAR2(20 BYTE),
  "CREATE_TIME" DATE,
  "PERMISSION" VARCHAR2(20 BYTE),
  "TYPE" NUMBER(10,0),
  "CRT_USER_CODE" VARCHAR2(32 BYTE),
  "CRT_ORG_CODE" VARCHAR2(32 BYTE),
  "CRT_DATE" DATE,
  "UPD_USER_CODE" VARCHAR2(32 BYTE),
  "UPD_ORG_CODE" VARCHAR2(32 BYTE),
  "UPD_DATE" DATE,
  "TENANT" VARCHAR2(32 BYTE)
)
TABLESPACE "TS_PNCS"
LOGGING
NOCOMPRESS
PCTFREE 10
INITRANS 1
STORAGE (
  INITIAL 65536 
  NEXT 1048576 
  MINEXTENTS 1
  MAXEXTENTS 2147483645
  BUFFER_POOL DEFAULT
)
PARALLEL 1
NOCACHE
DISABLE ROW MOVEMENT
;
COMMENT ON COLUMN "PNCS"."SYS_MENU"."ID" IS 'ID';
COMMENT ON COLUMN "PNCS"."SYS_MENU"."I_FRAME" IS '是否外链';
COMMENT ON COLUMN "PNCS"."SYS_MENU"."NAME" IS '菜单名称';
COMMENT ON COLUMN "PNCS"."SYS_MENU"."COMPONENT" IS '组件';
COMMENT ON COLUMN "PNCS"."SYS_MENU"."PID" IS '上级菜单ID';
COMMENT ON COLUMN "PNCS"."SYS_MENU"."SORT" IS '排序';
COMMENT ON COLUMN "PNCS"."SYS_MENU"."ICON" IS '图标';
COMMENT ON COLUMN "PNCS"."SYS_MENU"."PATH" IS '链接地址';
COMMENT ON COLUMN "PNCS"."SYS_MENU"."CACHE" IS '缓存';
COMMENT ON COLUMN "PNCS"."SYS_MENU"."HIDDEN" IS '隐藏';
COMMENT ON COLUMN "PNCS"."SYS_MENU"."COMPONENT_NAME" IS '组件名称';
COMMENT ON COLUMN "PNCS"."SYS_MENU"."CREATE_TIME" IS '创建日期';
COMMENT ON COLUMN "PNCS"."SYS_MENU"."PERMISSION" IS '权限';
COMMENT ON COLUMN "PNCS"."SYS_MENU"."TYPE" IS '类型';
COMMENT ON COLUMN "PNCS"."SYS_MENU"."CRT_USER_CODE" IS '创建人';
COMMENT ON COLUMN "PNCS"."SYS_MENU"."CRT_ORG_CODE" IS '创建机构';
COMMENT ON COLUMN "PNCS"."SYS_MENU"."CRT_DATE" IS '创建日期';
COMMENT ON COLUMN "PNCS"."SYS_MENU"."UPD_USER_CODE" IS '修改人';
COMMENT ON COLUMN "PNCS"."SYS_MENU"."UPD_ORG_CODE" IS '修改机构';
COMMENT ON COLUMN "PNCS"."SYS_MENU"."UPD_DATE" IS '修改日期';
COMMENT ON COLUMN "PNCS"."SYS_MENU"."TENANT" IS '租户';
COMMENT ON TABLE "PNCS"."SYS_MENU" IS '应用层-系统菜单表';

-- ----------------------------
-- Records of SYS_MENU
-- ----------------------------
INSERT INTO "PNCS"."SYS_MENU" VALUES ('8b81e48170c86fc60170c889d3d90009', '0', '权限管理', 'system/authMgt/index', '1', '999', 'app', 'authMgt', '0', '0', 'authMgt', TO_DATE('2020-03-11 15:40:40', 'SYYYY-MM-DD HH24:MI:SS'), 'SYS_MENUs', '1', NULL, NULL, NULL, NULL, NULL, NULL, NULL);
INSERT INTO "PNCS"."SYS_MENU" VALUES ('1', '0', '系统管理', NULL, '0', '1', 'system', 'system', '0', '0', NULL, TO_DATE('2019-12-25 17:05:37', 'SYYYY-MM-DD HH24:MI:SS'), NULL, '0', NULL, NULL, NULL, NULL, NULL, NULL, NULL);
INSERT INTO "PNCS"."SYS_MENU" VALUES ('2', '0', '用户管理', 'system/user/index', '1', '2', 'peoples', 'user', '0', '0', 'User', TO_DATE('2019-12-25 17:05:37', 'SYYYY-MM-DD HH24:MI:SS'), 'user:list', '1', NULL, NULL, NULL, NULL, NULL, NULL, NULL);
INSERT INTO "PNCS"."SYS_MENU" VALUES ('3', '0', '角色管理', 'system/role/index', '1', '3', 'role', 'role', '0', '0', 'Role', TO_DATE('2019-12-25 17:05:37', 'SYYYY-MM-DD HH24:MI:SS'), 'roles:list', '1', NULL, NULL, NULL, NULL, NULL, NULL, NULL);
INSERT INTO "PNCS"."SYS_MENU" VALUES ('5', '0', '菜单管理', 'system/SYS_MENU/index', '1', '5', 'SYS_MENU', 'SYS_MENU', '0', '0', 'SYS_MENU', TO_DATE('2019-12-25 17:05:37', 'SYYYY-MM-DD HH24:MI:SS'), 'SYS_MENU:list', '1', NULL, NULL, NULL, NULL, NULL, NULL, NULL);
INSERT INTO "PNCS"."SYS_MENU" VALUES ('6', '0', '系统监控', NULL, '0', '10', 'monitor', 'monitor', '0', '0', NULL, TO_DATE('2019-12-25 17:05:37', 'SYYYY-MM-DD HH24:MI:SS'), NULL, '0', NULL, NULL, NULL, NULL, NULL, NULL, NULL);
INSERT INTO "PNCS"."SYS_MENU" VALUES ('7', '0', '操作日志', 'monitor/log/index', '6', '11', 'log', 'logs', '0', '0', 'Log', TO_DATE('2019-12-25 17:05:37', 'SYYYY-MM-DD HH24:MI:SS'), NULL, '1', NULL, NULL, NULL, NULL, NULL, NULL, NULL);
INSERT INTO "PNCS"."SYS_MENU" VALUES ('9', '0', 'SQL监控', 'monitor/sql/index', '6', '18', 'sqlMonitor', 'druid', '0', '0', 'Sql', TO_DATE('2019-12-25 17:05:37', 'SYYYY-MM-DD HH24:MI:SS'), NULL, '1', NULL, NULL, NULL, NULL, NULL, NULL, NULL);
INSERT INTO "PNCS"."SYS_MENU" VALUES ('10', '0', '组件管理', NULL, '0', '50', 'zujian', 'components', '0', '0', NULL, TO_DATE('2019-12-25 17:05:37', 'SYYYY-MM-DD HH24:MI:SS'), NULL, '0', NULL, NULL, NULL, NULL, NULL, NULL, NULL);
INSERT INTO "PNCS"."SYS_MENU" VALUES ('11', '0', '图标库', 'components/icons/index', '10', '51', 'icon', 'icon', '0', '0', 'Icons', TO_DATE('2019-12-25 17:05:37', 'SYYYY-MM-DD HH24:MI:SS'), NULL, '1', NULL, NULL, NULL, NULL, NULL, NULL, NULL);
INSERT INTO "PNCS"."SYS_MENU" VALUES ('14', '0', '邮件工具', 'tools/email/index', '36', '35', 'email', 'email', '0', '0', 'Email', TO_DATE('2019-12-25 17:05:37', 'SYYYY-MM-DD HH24:MI:SS'), NULL, '1', NULL, NULL, NULL, NULL, NULL, NULL, NULL);
INSERT INTO "PNCS"."SYS_MENU" VALUES ('15', '0', '富文本', 'components/Editor', '10', '52', 'fw', 'tinymce', '0', '0', 'Editor', TO_DATE('2019-12-25 17:05:37', 'SYYYY-MM-DD HH24:MI:SS'), NULL, '1', NULL, NULL, NULL, NULL, NULL, NULL, NULL);
INSERT INTO "PNCS"."SYS_MENU" VALUES ('18', '0', '存储管理', 'tools/storage/local/index', '36', '34', 'qiniu', 'localStorage', '0', '0', 'localStorage', TO_DATE('2019-12-25 17:05:37', 'SYYYY-MM-DD HH24:MI:SS'), 'storage:list', '1', NULL, NULL, NULL, NULL, NULL, NULL, NULL);
INSERT INTO "PNCS"."SYS_MENU" VALUES ('21', '0', '多级菜单', NULL, '0', '900', 'SYS_MENU', 'nested', '0', '1', NULL, TO_DATE('2019-12-25 17:05:37', 'SYYYY-MM-DD HH24:MI:SS'), NULL, '0', NULL, NULL, NULL, NULL, NULL, NULL, NULL);
INSERT INTO "PNCS"."SYS_MENU" VALUES ('22', '0', '二级菜单1', 'nested/SYS_MENU1/index', '21', '999', 'SYS_MENU', 'SYS_MENU1', '0', '0', NULL, TO_DATE('2019-12-25 17:05:37', 'SYYYY-MM-DD HH24:MI:SS'), NULL, '1', NULL, NULL, NULL, NULL, NULL, NULL, NULL);
INSERT INTO "PNCS"."SYS_MENU" VALUES ('23', '0', '二级菜单2', 'nested/SYS_MENU2/index', '21', '999', 'SYS_MENU', 'SYS_MENU2', '0', '0', NULL, TO_DATE('2019-12-25 17:05:37', 'SYYYY-MM-DD HH24:MI:SS'), NULL, '1', NULL, NULL, NULL, NULL, NULL, NULL, NULL);
INSERT INTO "PNCS"."SYS_MENU" VALUES ('24', '0', '三级菜单1', 'nested/SYS_MENU1/SYS_MENU1-1', '22', '999', 'SYS_MENU', 'SYS_MENU1-1', '0', '0', NULL, TO_DATE('2019-12-25 17:05:37', 'SYYYY-MM-DD HH24:MI:SS'), NULL, '1', NULL, NULL, NULL, NULL, NULL, NULL, NULL);
INSERT INTO "PNCS"."SYS_MENU" VALUES ('27', '0', '三级菜单2', 'nested/SYS_MENU1/SYS_MENU1-2', '22', '999', 'SYS_MENU', 'SYS_MENU1-2', '0', '0', NULL, TO_DATE('2019-12-25 17:05:37', 'SYYYY-MM-DD HH24:MI:SS'), NULL, '1', NULL, NULL, NULL, NULL, NULL, NULL, NULL);
INSERT INTO "PNCS"."SYS_MENU" VALUES ('28', '0', '定时任务', 'system/timing/index', '36', '31', 'timing', 'timing', '0', '0', 'Timing', TO_DATE('2019-12-25 17:05:37', 'SYYYY-MM-DD HH24:MI:SS'), 'timing:list', '1', NULL, NULL, NULL, NULL, NULL, NULL, NULL);
INSERT INTO "PNCS"."SYS_MENU" VALUES ('30', '0', '代码生成', 'generator/index', '36', '32', 'dev', 'generator', '1', '0', 'GeneratorIndex', TO_DATE('2019-12-25 17:05:37', 'SYYYY-MM-DD HH24:MI:SS'), NULL, '1', NULL, NULL, NULL, NULL, NULL, NULL, NULL);
INSERT INTO "PNCS"."SYS_MENU" VALUES ('32', '0', '异常日志', 'monitor/log/errorLog', '6', '12', 'error', 'errorLog', '0', '0', 'ErrorLog', TO_DATE('2019-12-25 17:05:37', 'SYYYY-MM-DD HH24:MI:SS'), NULL, '1', NULL, NULL, NULL, NULL, NULL, NULL, NULL);
INSERT INTO "PNCS"."SYS_MENU" VALUES ('33', '0', 'Markdown', 'components/MarkDown', '10', '53', 'markdown', 'markdown', '0', '0', 'Markdown', TO_DATE('2019-12-25 17:05:37', 'SYYYY-MM-DD HH24:MI:SS'), NULL, '1', NULL, NULL, NULL, NULL, NULL, NULL, NULL);
INSERT INTO "PNCS"."SYS_MENU" VALUES ('34', '0', 'Yaml编辑器', 'components/YamlEdit', '10', '54', 'dev', 'yaml', '0', '0', 'YamlEdit', TO_DATE('2019-12-25 17:05:37', 'SYYYY-MM-DD HH24:MI:SS'), NULL, '1', NULL, NULL, NULL, NULL, NULL, NULL, NULL);
INSERT INTO "PNCS"."SYS_MENU" VALUES ('35', '0', '部门管理', 'system/SYS_DEPT/index', '1', '6', 'SYS_DEPT', 'SYS_DEPT', '0', '0', 'SYS_DEPT', TO_DATE('2019-12-25 17:05:37', 'SYYYY-MM-DD HH24:MI:SS'), 'SYS_DEPT:list', '1', NULL, NULL, NULL, NULL, NULL, NULL, NULL);
INSERT INTO "PNCS"."SYS_MENU" VALUES ('36', '0', '系统工具', NULL, '0', '30', 'sys-tools', 'sys-tools', '0', '0', NULL, TO_DATE('2019-12-25 17:05:37', 'SYYYY-MM-DD HH24:MI:SS'), NULL, '0', NULL, NULL, NULL, NULL, NULL, NULL, NULL);
INSERT INTO "PNCS"."SYS_MENU" VALUES ('38', '0', '接口文档', 'tools/swagger/index', '36', '36', 'swagger', 'swagger2', '0', '0', 'Swagger', TO_DATE('2019-12-25 17:05:37', 'SYYYY-MM-DD HH24:MI:SS'), NULL, '1', NULL, NULL, NULL, NULL, NULL, NULL, NULL);
INSERT INTO "PNCS"."SYS_MENU" VALUES ('39', '0', '字典管理', 'system/SYS_DICT/index', '1', '8', 'SYS_DICTionary', 'SYS_DICT', '0', '0', 'SYS_DICT', TO_DATE('2019-12-25 17:05:37', 'SYYYY-MM-DD HH24:MI:SS'), 'SYS_DICT:list', '1', NULL, NULL, NULL, NULL, NULL, NULL, NULL);
INSERT INTO "PNCS"."SYS_MENU" VALUES ('41', '0', '在线用户', 'monitor/online/index', '6', '10', 'Steve-Jobs', 'online', '0', '0', 'OnlineUser', TO_DATE('2019-12-25 17:05:37', 'SYYYY-MM-DD HH24:MI:SS'), NULL, '1', NULL, NULL, NULL, NULL, NULL, NULL, NULL);
INSERT INTO "PNCS"."SYS_MENU" VALUES ('44', '0', '用户新增', NULL, '2', '2', NULL, NULL, '0', '0', NULL, TO_DATE('2019-12-25 17:05:37', 'SYYYY-MM-DD HH24:MI:SS'), 'user:add', '2', NULL, NULL, NULL, NULL, NULL, NULL, NULL);
INSERT INTO "PNCS"."SYS_MENU" VALUES ('45', '0', '用户编辑', NULL, '2', '3', NULL, NULL, '0', '0', NULL, TO_DATE('2019-12-25 17:05:37', 'SYYYY-MM-DD HH24:MI:SS'), 'user:edit', '2', NULL, NULL, NULL, NULL, NULL, NULL, NULL);
INSERT INTO "PNCS"."SYS_MENU" VALUES ('46', '0', '用户删除', NULL, '2', '4', NULL, NULL, '0', '0', NULL, TO_DATE('2019-12-25 17:05:37', 'SYYYY-MM-DD HH24:MI:SS'), 'user:del', '2', NULL, NULL, NULL, NULL, NULL, NULL, NULL);
INSERT INTO "PNCS"."SYS_MENU" VALUES ('48', '0', '角色创建', NULL, '3', '2', NULL, NULL, '0', '0', NULL, TO_DATE('2019-12-25 17:05:37', 'SYYYY-MM-DD HH24:MI:SS'), 'roles:add', '2', NULL, NULL, NULL, NULL, NULL, NULL, NULL);
INSERT INTO "PNCS"."SYS_MENU" VALUES ('49', '0', '角色修改', NULL, '3', '3', NULL, NULL, '0', '0', NULL, TO_DATE('2019-12-25 17:05:37', 'SYYYY-MM-DD HH24:MI:SS'), 'roles:edit', '2', NULL, NULL, NULL, NULL, NULL, NULL, NULL);
INSERT INTO "PNCS"."SYS_MENU" VALUES ('50', '0', '角色删除', NULL, '3', '4', NULL, NULL, '0', '0', NULL, TO_DATE('2019-12-25 17:05:37', 'SYYYY-MM-DD HH24:MI:SS'), 'roles:del', '2', NULL, NULL, NULL, NULL, NULL, NULL, NULL);
INSERT INTO "PNCS"."SYS_MENU" VALUES ('52', '0', '菜单新增', NULL, '5', '2', NULL, NULL, '0', '0', NULL, TO_DATE('2019-12-25 17:05:37', 'SYYYY-MM-DD HH24:MI:SS'), 'SYS_MENU:add', '2', NULL, NULL, NULL, NULL, NULL, NULL, NULL);
INSERT INTO "PNCS"."SYS_MENU" VALUES ('53', '0', '菜单编辑', NULL, '5', '3', NULL, NULL, '0', '0', NULL, TO_DATE('2019-12-25 17:05:37', 'SYYYY-MM-DD HH24:MI:SS'), 'SYS_MENU:edit', '2', NULL, NULL, NULL, NULL, NULL, NULL, NULL);
INSERT INTO "PNCS"."SYS_MENU" VALUES ('54', '0', '菜单删除', NULL, '5', '4', NULL, NULL, '0', '0', NULL, TO_DATE('2019-12-25 17:05:37', 'SYYYY-MM-DD HH24:MI:SS'), 'SYS_MENU:del', '2', NULL, NULL, NULL, NULL, NULL, NULL, NULL);
INSERT INTO "PNCS"."SYS_MENU" VALUES ('56', '0', '部门新增', NULL, '35', '2', NULL, NULL, '0', '0', NULL, TO_DATE('2019-12-25 17:05:37', 'SYYYY-MM-DD HH24:MI:SS'), 'SYS_DEPT:add', '2', NULL, NULL, NULL, NULL, NULL, NULL, NULL);
INSERT INTO "PNCS"."SYS_MENU" VALUES ('57', '0', '部门编辑', NULL, '35', '3', NULL, NULL, '0', '0', NULL, TO_DATE('2019-12-25 17:05:37', 'SYYYY-MM-DD HH24:MI:SS'), 'SYS_DEPT:edit', '2', NULL, NULL, NULL, NULL, NULL, NULL, NULL);
INSERT INTO "PNCS"."SYS_MENU" VALUES ('58', '0', '部门删除', NULL, '35', '4', NULL, NULL, '0', '0', NULL, TO_DATE('2019-12-25 17:05:37', 'SYYYY-MM-DD HH24:MI:SS'), 'SYS_DEPT:del', '2', NULL, NULL, NULL, NULL, NULL, NULL, NULL);
INSERT INTO "PNCS"."SYS_MENU" VALUES ('64', '0', '字典新增', NULL, '39', '2', NULL, NULL, '0', '0', NULL, TO_DATE('2019-12-25 17:05:37', 'SYYYY-MM-DD HH24:MI:SS'), 'SYS_DICT:add', '2', NULL, NULL, NULL, NULL, NULL, NULL, NULL);
INSERT INTO "PNCS"."SYS_MENU" VALUES ('65', '0', '字典编辑', NULL, '39', '3', NULL, NULL, '0', '0', NULL, TO_DATE('2019-12-25 17:05:37', 'SYYYY-MM-DD HH24:MI:SS'), 'SYS_DICT:edit', '2', NULL, NULL, NULL, NULL, NULL, NULL, NULL);
INSERT INTO "PNCS"."SYS_MENU" VALUES ('66', '0', '字典删除', NULL, '39', '4', NULL, NULL, '0', '0', NULL, TO_DATE('2019-12-25 17:05:37', 'SYYYY-MM-DD HH24:MI:SS'), 'SYS_DICT:del', '2', NULL, NULL, NULL, NULL, NULL, NULL, NULL);
INSERT INTO "PNCS"."SYS_MENU" VALUES ('73', '0', '任务新增', NULL, '28', '2', NULL, NULL, '0', '0', NULL, TO_DATE('2019-12-25 17:05:37', 'SYYYY-MM-DD HH24:MI:SS'), 'timing:add', '2', NULL, NULL, NULL, NULL, NULL, NULL, NULL);
INSERT INTO "PNCS"."SYS_MENU" VALUES ('74', '0', '任务编辑', NULL, '28', '3', NULL, NULL, '0', '0', NULL, TO_DATE('2019-12-25 17:05:37', 'SYYYY-MM-DD HH24:MI:SS'), 'timing:edit', '2', NULL, NULL, NULL, NULL, NULL, NULL, NULL);
INSERT INTO "PNCS"."SYS_MENU" VALUES ('75', '0', '任务删除', NULL, '28', '4', NULL, NULL, '0', '0', NULL, TO_DATE('2019-12-25 17:05:37', 'SYYYY-MM-DD HH24:MI:SS'), 'timing:del', '2', NULL, NULL, NULL, NULL, NULL, NULL, NULL);
INSERT INTO "PNCS"."SYS_MENU" VALUES ('77', '0', '上传文件', NULL, '18', '2', NULL, NULL, '0', '0', NULL, TO_DATE('2019-12-25 17:05:37', 'SYYYY-MM-DD HH24:MI:SS'), 'storage:add', '2', NULL, NULL, NULL, NULL, NULL, NULL, NULL);
INSERT INTO "PNCS"."SYS_MENU" VALUES ('78', '0', '文件编辑', NULL, '18', '3', NULL, NULL, '0', '0', NULL, TO_DATE('2019-12-25 17:05:37', 'SYYYY-MM-DD HH24:MI:SS'), 'storage:edit', '2', NULL, NULL, NULL, NULL, NULL, NULL, NULL);
INSERT INTO "PNCS"."SYS_MENU" VALUES ('79', '0', '文件删除', NULL, '18', '4', NULL, NULL, '0', '0', NULL, TO_DATE('2019-12-25 17:05:37', 'SYYYY-MM-DD HH24:MI:SS'), 'storage:del', '2', NULL, NULL, NULL, NULL, NULL, NULL, NULL);
INSERT INTO "PNCS"."SYS_MENU" VALUES ('80', '0', '服务监控', 'monitor/server/index', '6', '14', 'codeConsole', 'server', '0', '0', 'ServerMonitor', TO_DATE('2019-12-25 17:05:37', 'SYYYY-MM-DD HH24:MI:SS'), 'server:list', '1', NULL, NULL, NULL, NULL, NULL, NULL, NULL);
INSERT INTO "PNCS"."SYS_MENU" VALUES ('82', '0', '生成配置', 'generator/config', '36', '33', 'dev', 'generator/config/:tableName', '1', '1', 'GeneratorConfig', TO_DATE('2019-12-25 17:05:37', 'SYYYY-MM-DD HH24:MI:SS'), NULL, '1', NULL, NULL, NULL, NULL, NULL, NULL, NULL);
INSERT INTO "PNCS"."SYS_MENU" VALUES ('83', '0', '图表库', 'components/Echarts', '10', '50', 'chart', 'echarts', '1', '0', 'Echarts', TO_DATE('2019-12-25 17:05:37', 'SYYYY-MM-DD HH24:MI:SS'), NULL, '1', NULL, NULL, NULL, NULL, NULL, NULL, NULL);
INSERT INTO "PNCS"."SYS_MENU" VALUES ('90', '0', '运维管理', NULL, '0', '20', 'mnt', 'mnt', '0', '0', 'Mnt', TO_DATE('2019-12-25 17:05:37', 'SYYYY-MM-DD HH24:MI:SS'), NULL, '1', NULL, NULL, NULL, NULL, NULL, NULL, NULL);
INSERT INTO "PNCS"."SYS_MENU" VALUES ('92', '0', '服务器', 'mnt/server/index', '90', '22', 'server', 'mnt/serverDeploy', '0', '0', 'ServerDeploy', TO_DATE('2019-12-25 17:05:37', 'SYYYY-MM-DD HH24:MI:SS'), 'serverDeploy:list', '1', NULL, NULL, NULL, NULL, NULL, NULL, NULL);
INSERT INTO "PNCS"."SYS_MENU" VALUES ('93', '0', '应用管理', 'mnt/app/index', '90', '23', 'app', 'mnt/app', '0', '0', 'App', TO_DATE('2019-12-25 17:05:37', 'SYYYY-MM-DD HH24:MI:SS'), 'app:list', '1', NULL, NULL, NULL, NULL, NULL, NULL, NULL);
INSERT INTO "PNCS"."SYS_MENU" VALUES ('94', '0', '部署管理', 'mnt/deploy/index', '90', '24', 'deploy', 'mnt/deploy', '0', '0', 'Deploy', TO_DATE('2019-12-25 17:05:37', 'SYYYY-MM-DD HH24:MI:SS'), 'deploy:list', '1', NULL, NULL, NULL, NULL, NULL, NULL, NULL);
INSERT INTO "PNCS"."SYS_MENU" VALUES ('97', '0', '部署备份', 'mnt/deployHistory/index', '90', '25', 'backup', 'mnt/deployHistory', '0', '0', 'DeployHistory', TO_DATE('2019-12-25 17:05:37', 'SYYYY-MM-DD HH24:MI:SS'), 'deployHistory:list', '1', NULL, NULL, NULL, NULL, NULL, NULL, NULL);
INSERT INTO "PNCS"."SYS_MENU" VALUES ('98', '0', '数据库管理', 'mnt/database/index', '90', '26', 'database', 'mnt/database', '0', '0', 'Database', TO_DATE('2019-12-25 17:05:37', 'SYYYY-MM-DD HH24:MI:SS'), 'database:list', '1', NULL, NULL, NULL, NULL, NULL, NULL, NULL);
INSERT INTO "PNCS"."SYS_MENU" VALUES ('102', '0', '删除', NULL, '97', '999', NULL, NULL, '0', '0', NULL, TO_DATE('2019-12-25 17:05:37', 'SYYYY-MM-DD HH24:MI:SS'), 'deployHistory:del', '2', NULL, NULL, NULL, NULL, NULL, NULL, NULL);
INSERT INTO "PNCS"."SYS_MENU" VALUES ('103', '0', '服务器新增', NULL, '92', '999', NULL, NULL, '0', '0', NULL, TO_DATE('2019-12-25 17:05:37', 'SYYYY-MM-DD HH24:MI:SS'), 'serverDeploy:add', '2', NULL, NULL, NULL, NULL, NULL, NULL, NULL);
INSERT INTO "PNCS"."SYS_MENU" VALUES ('104', '0', '服务器编辑', NULL, '92', '999', NULL, NULL, '0', '0', NULL, TO_DATE('2019-12-25 17:05:37', 'SYYYY-MM-DD HH24:MI:SS'), 'serverDeploy:edit', '2', NULL, NULL, NULL, NULL, NULL, NULL, NULL);
INSERT INTO "PNCS"."SYS_MENU" VALUES ('105', '0', '服务器删除', NULL, '92', '999', NULL, NULL, '0', '0', NULL, TO_DATE('2019-12-25 17:05:37', 'SYYYY-MM-DD HH24:MI:SS'), 'serverDeploy:del', '2', NULL, NULL, NULL, NULL, NULL, NULL, NULL);
INSERT INTO "PNCS"."SYS_MENU" VALUES ('106', '0', '应用新增', NULL, '93', '999', NULL, NULL, '0', '0', NULL, TO_DATE('2019-12-25 17:05:37', 'SYYYY-MM-DD HH24:MI:SS'), 'app:add', '2', NULL, NULL, NULL, NULL, NULL, NULL, NULL);
INSERT INTO "PNCS"."SYS_MENU" VALUES ('107', '0', '应用编辑', NULL, '93', '999', NULL, NULL, '0', '0', NULL, TO_DATE('2019-12-25 17:05:37', 'SYYYY-MM-DD HH24:MI:SS'), 'app:edit', '2', NULL, NULL, NULL, NULL, NULL, NULL, NULL);
INSERT INTO "PNCS"."SYS_MENU" VALUES ('108', '0', '应用删除', NULL, '93', '999', NULL, NULL, '0', '0', NULL, TO_DATE('2019-12-25 17:05:37', 'SYYYY-MM-DD HH24:MI:SS'), 'app:del', '2', NULL, NULL, NULL, NULL, NULL, NULL, NULL);
INSERT INTO "PNCS"."SYS_MENU" VALUES ('109', '0', '部署新增', NULL, '94', '999', NULL, NULL, '0', '0', NULL, TO_DATE('2019-12-25 17:05:37', 'SYYYY-MM-DD HH24:MI:SS'), 'deploy:add', '2', NULL, NULL, NULL, NULL, NULL, NULL, NULL);
INSERT INTO "PNCS"."SYS_MENU" VALUES ('110', '0', '部署编辑', NULL, '94', '999', NULL, NULL, '0', '0', NULL, TO_DATE('2019-12-25 17:05:37', 'SYYYY-MM-DD HH24:MI:SS'), 'deploy:edit', '2', NULL, NULL, NULL, NULL, NULL, NULL, NULL);
INSERT INTO "PNCS"."SYS_MENU" VALUES ('111', '0', '部署删除', NULL, '94', '999', NULL, NULL, '0', '0', NULL, TO_DATE('2019-12-25 17:05:37', 'SYYYY-MM-DD HH24:MI:SS'), 'deploy:del', '2', NULL, NULL, NULL, NULL, NULL, NULL, NULL);
INSERT INTO "PNCS"."SYS_MENU" VALUES ('112', '0', '数据库新增', NULL, '98', '999', NULL, NULL, '0', '0', NULL, TO_DATE('2019-12-25 17:05:37', 'SYYYY-MM-DD HH24:MI:SS'), 'database:add', '2', NULL, NULL, NULL, NULL, NULL, NULL, NULL);
INSERT INTO "PNCS"."SYS_MENU" VALUES ('113', '0', '数据库编辑', NULL, '98', '999', NULL, NULL, '0', '0', NULL, TO_DATE('2019-12-25 17:05:37', 'SYYYY-MM-DD HH24:MI:SS'), 'database:edit', '2', NULL, NULL, NULL, NULL, NULL, NULL, NULL);
INSERT INTO "PNCS"."SYS_MENU" VALUES ('114', '0', '数据库删除', NULL, '98', '999', NULL, NULL, '0', '0', NULL, TO_DATE('2019-12-25 17:05:37', 'SYYYY-MM-DD HH24:MI:SS'), 'database:del', '2', NULL, NULL, NULL, NULL, NULL, NULL, NULL);
INSERT INTO "PNCS"."SYS_MENU" VALUES ('116', '0', '生成预览', 'generator/preview', '36', '999', 'java', 'generator/preview/:tableName', '1', '1', 'Preview', TO_DATE('2019-12-25 17:05:37', 'SYYYY-MM-DD HH24:MI:SS'), NULL, '1', NULL, NULL, NULL, NULL, NULL, NULL, NULL);
INSERT INTO "PNCS"."SYS_MENU" VALUES ('8b81e48170f0cdfa0170f0d026ad0001', '0', '测试菜单', NULL, '0', '2', 'chain', 'testMybatis', '0', '0', NULL, TO_DATE('2020-03-19 11:22:18', 'SYYYY-MM-DD HH24:MI:SS'), NULL, '0', NULL, NULL, NULL, NULL, NULL, NULL, NULL);
INSERT INTO "PNCS"."SYS_MENU" VALUES ('8b81e48170f0cdfa0170f0d269e90009', '0', 'mybatis测试', 'testMybatis/genTestMybatis/index', '8b81e48170f0cdfa0170f0d026ad0001', '999', 'dev', 'testMybatis', '0', '0', 'GenTestMybatis', TO_DATE('2020-03-19 11:24:46', 'SYYYY-MM-DD HH24:MI:SS'), 'genTestMybatis', '1', NULL, NULL, NULL, NULL, NULL, NULL, NULL);

-- ----------------------------
-- Table structure for SYS_OBJECT_MENU
-- ----------------------------
DROP TABLE "PNCS"."SYS_OBJECT_MENU";
CREATE TABLE "PNCS"."SYS_OBJECT_MENU" (
  "ID" VARCHAR2(32 BYTE),
  "OBJECT_TYPE" VARCHAR2(32 BYTE),
  "OBJECT_ID" VARCHAR2(32 BYTE),
  "MENU_ID" VARCHAR2(32 BYTE),
  "CRT_USER_CODE" VARCHAR2(32 BYTE),
  "CRT_ORG_CODE" VARCHAR2(32 BYTE),
  "CRT_DATE" DATE,
  "UPD_USER_CODE" VARCHAR2(32 BYTE),
  "UPD_ORG_CODE" VARCHAR2(32 BYTE),
  "UPD_DATE" DATE,
  "TENANT" VARCHAR2(32 BYTE)
)
TABLESPACE "TS_PNCS"
LOGGING
NOCOMPRESS
PCTFREE 10
INITRANS 1
STORAGE (
  INITIAL 65536 
  NEXT 1048576 
  MINEXTENTS 1
  MAXEXTENTS 2147483645
  BUFFER_POOL DEFAULT
)
PARALLEL 1
NOCACHE
DISABLE ROW MOVEMENT
;
COMMENT ON COLUMN "PNCS"."SYS_OBJECT_MENU"."ID" IS '结果ID';
COMMENT ON COLUMN "PNCS"."SYS_OBJECT_MENU"."OBJECT_TYPE" IS '类型（dept-部门，role-角色，user-用户）';
COMMENT ON COLUMN "PNCS"."SYS_OBJECT_MENU"."OBJECT_ID" IS '对象ID';
COMMENT ON COLUMN "PNCS"."SYS_OBJECT_MENU"."MENU_ID" IS '菜单ID';
COMMENT ON COLUMN "PNCS"."SYS_OBJECT_MENU"."CRT_USER_CODE" IS '创建用户';
COMMENT ON COLUMN "PNCS"."SYS_OBJECT_MENU"."CRT_ORG_CODE" IS '创建机构';
COMMENT ON COLUMN "PNCS"."SYS_OBJECT_MENU"."CRT_DATE" IS '创建时间';
COMMENT ON COLUMN "PNCS"."SYS_OBJECT_MENU"."UPD_USER_CODE" IS '修改用户';
COMMENT ON COLUMN "PNCS"."SYS_OBJECT_MENU"."UPD_ORG_CODE" IS '修改机构';
COMMENT ON COLUMN "PNCS"."SYS_OBJECT_MENU"."UPD_DATE" IS '修改时间';
COMMENT ON COLUMN "PNCS"."SYS_OBJECT_MENU"."TENANT" IS '租户';
COMMENT ON TABLE "PNCS"."SYS_OBJECT_MENU" IS '应用层-对象菜单关联表';

-- ----------------------------
-- Records of SYS_OBJECT_MENU
-- ----------------------------
INSERT INTO "PNCS"."SYS_OBJECT_MENU" VALUES ('1', 'user', '1', '1', NULL, NULL, NULL, NULL, NULL, NULL, NULL);
INSERT INTO "PNCS"."SYS_OBJECT_MENU" VALUES ('2', 'user', '1', '2', NULL, NULL, NULL, NULL, NULL, NULL, NULL);
INSERT INTO "PNCS"."SYS_OBJECT_MENU" VALUES ('3', 'user', '1', '44', NULL, NULL, NULL, NULL, NULL, NULL, NULL);
INSERT INTO "PNCS"."SYS_OBJECT_MENU" VALUES ('4', 'user', '1', '45', NULL, NULL, NULL, NULL, NULL, NULL, NULL);
INSERT INTO "PNCS"."SYS_OBJECT_MENU" VALUES ('5', 'user', '1', '46', NULL, NULL, NULL, NULL, NULL, NULL, NULL);
INSERT INTO "PNCS"."SYS_OBJECT_MENU" VALUES ('6', 'user', '1', '3', NULL, NULL, NULL, NULL, NULL, NULL, NULL);
INSERT INTO "PNCS"."SYS_OBJECT_MENU" VALUES ('7', 'user', '1', '48', NULL, NULL, NULL, NULL, NULL, NULL, NULL);
INSERT INTO "PNCS"."SYS_OBJECT_MENU" VALUES ('8', 'user', '1', '49', NULL, NULL, NULL, NULL, NULL, NULL, NULL);
INSERT INTO "PNCS"."SYS_OBJECT_MENU" VALUES ('9', 'user', '1', '50', NULL, NULL, NULL, NULL, NULL, NULL, NULL);
INSERT INTO "PNCS"."SYS_OBJECT_MENU" VALUES ('10', 'user', '1', '5', NULL, NULL, NULL, NULL, NULL, NULL, NULL);
INSERT INTO "PNCS"."SYS_OBJECT_MENU" VALUES ('11', 'user', '1', '52', NULL, NULL, NULL, NULL, NULL, NULL, NULL);
INSERT INTO "PNCS"."SYS_OBJECT_MENU" VALUES ('12', 'user', '1', '53', NULL, NULL, NULL, NULL, NULL, NULL, NULL);
INSERT INTO "PNCS"."SYS_OBJECT_MENU" VALUES ('13', 'user', '1', '54', NULL, NULL, NULL, NULL, NULL, NULL, NULL);
INSERT INTO "PNCS"."SYS_OBJECT_MENU" VALUES ('14', 'user', '1', '35', NULL, NULL, NULL, NULL, NULL, NULL, NULL);
INSERT INTO "PNCS"."SYS_OBJECT_MENU" VALUES ('15', 'user', '1', '56', NULL, NULL, NULL, NULL, NULL, NULL, NULL);
INSERT INTO "PNCS"."SYS_OBJECT_MENU" VALUES ('16', 'user', '1', '57', NULL, NULL, NULL, NULL, NULL, NULL, NULL);
INSERT INTO "PNCS"."SYS_OBJECT_MENU" VALUES ('17', 'user', '1', '58', NULL, NULL, NULL, NULL, NULL, NULL, NULL);
INSERT INTO "PNCS"."SYS_OBJECT_MENU" VALUES ('18', 'user', '1', '39', NULL, NULL, NULL, NULL, NULL, NULL, NULL);
INSERT INTO "PNCS"."SYS_OBJECT_MENU" VALUES ('19', 'user', '1', '64', NULL, NULL, NULL, NULL, NULL, NULL, NULL);
INSERT INTO "PNCS"."SYS_OBJECT_MENU" VALUES ('20', 'user', '1', '65', NULL, NULL, NULL, NULL, NULL, NULL, NULL);
INSERT INTO "PNCS"."SYS_OBJECT_MENU" VALUES ('21', 'user', '1', '66', NULL, NULL, NULL, NULL, NULL, NULL, NULL);
INSERT INTO "PNCS"."SYS_OBJECT_MENU" VALUES ('22', 'user', '1', '8b81e48170c86fc60170c889d3d90009', NULL, NULL, NULL, NULL, NULL, NULL, NULL);
INSERT INTO "PNCS"."SYS_OBJECT_MENU" VALUES ('23', 'user', '1', '8b81e48170f0cdfa0170f0d026ad0001', NULL, NULL, NULL, NULL, NULL, NULL, NULL);
INSERT INTO "PNCS"."SYS_OBJECT_MENU" VALUES ('24', 'user', '1', '8b81e48170f0cdfa0170f0d269e90009', NULL, NULL, NULL, NULL, NULL, NULL, NULL);
INSERT INTO "PNCS"."SYS_OBJECT_MENU" VALUES ('25', 'user', '1', '6', NULL, NULL, NULL, NULL, NULL, NULL, NULL);
INSERT INTO "PNCS"."SYS_OBJECT_MENU" VALUES ('26', 'user', '1', '41', NULL, NULL, NULL, NULL, NULL, NULL, NULL);
INSERT INTO "PNCS"."SYS_OBJECT_MENU" VALUES ('27', 'user', '1', '7', NULL, NULL, NULL, NULL, NULL, NULL, NULL);
INSERT INTO "PNCS"."SYS_OBJECT_MENU" VALUES ('28', 'user', '1', '32', NULL, NULL, NULL, NULL, NULL, NULL, NULL);
INSERT INTO "PNCS"."SYS_OBJECT_MENU" VALUES ('29', 'user', '1', '80', NULL, NULL, NULL, NULL, NULL, NULL, NULL);
INSERT INTO "PNCS"."SYS_OBJECT_MENU" VALUES ('30', 'user', '1', '9', NULL, NULL, NULL, NULL, NULL, NULL, NULL);
INSERT INTO "PNCS"."SYS_OBJECT_MENU" VALUES ('31', 'user', '1', '90', NULL, NULL, NULL, NULL, NULL, NULL, NULL);
INSERT INTO "PNCS"."SYS_OBJECT_MENU" VALUES ('32', 'user', '1', '92', NULL, NULL, NULL, NULL, NULL, NULL, NULL);
INSERT INTO "PNCS"."SYS_OBJECT_MENU" VALUES ('33', 'user', '1', '103', NULL, NULL, NULL, NULL, NULL, NULL, NULL);
INSERT INTO "PNCS"."SYS_OBJECT_MENU" VALUES ('34', 'user', '1', '105', NULL, NULL, NULL, NULL, NULL, NULL, NULL);
INSERT INTO "PNCS"."SYS_OBJECT_MENU" VALUES ('35', 'user', '1', '104', NULL, NULL, NULL, NULL, NULL, NULL, NULL);
INSERT INTO "PNCS"."SYS_OBJECT_MENU" VALUES ('36', 'user', '1', '93', NULL, NULL, NULL, NULL, NULL, NULL, NULL);
INSERT INTO "PNCS"."SYS_OBJECT_MENU" VALUES ('37', 'user', '1', '106', NULL, NULL, NULL, NULL, NULL, NULL, NULL);
INSERT INTO "PNCS"."SYS_OBJECT_MENU" VALUES ('38', 'user', '1', '108', NULL, NULL, NULL, NULL, NULL, NULL, NULL);
INSERT INTO "PNCS"."SYS_OBJECT_MENU" VALUES ('39', 'user', '1', '107', NULL, NULL, NULL, NULL, NULL, NULL, NULL);
INSERT INTO "PNCS"."SYS_OBJECT_MENU" VALUES ('40', 'user', '1', '94', NULL, NULL, NULL, NULL, NULL, NULL, NULL);
INSERT INTO "PNCS"."SYS_OBJECT_MENU" VALUES ('41', 'user', '1', '109', NULL, NULL, NULL, NULL, NULL, NULL, NULL);
INSERT INTO "PNCS"."SYS_OBJECT_MENU" VALUES ('42', 'user', '1', '111', NULL, NULL, NULL, NULL, NULL, NULL, NULL);
INSERT INTO "PNCS"."SYS_OBJECT_MENU" VALUES ('43', 'user', '1', '110', NULL, NULL, NULL, NULL, NULL, NULL, NULL);
INSERT INTO "PNCS"."SYS_OBJECT_MENU" VALUES ('44', 'user', '1', '97', NULL, NULL, NULL, NULL, NULL, NULL, NULL);
INSERT INTO "PNCS"."SYS_OBJECT_MENU" VALUES ('45', 'user', '1', '102', NULL, NULL, NULL, NULL, NULL, NULL, NULL);
INSERT INTO "PNCS"."SYS_OBJECT_MENU" VALUES ('46', 'user', '1', '98', NULL, NULL, NULL, NULL, NULL, NULL, NULL);
INSERT INTO "PNCS"."SYS_OBJECT_MENU" VALUES ('47', 'user', '1', '112', NULL, NULL, NULL, NULL, NULL, NULL, NULL);
INSERT INTO "PNCS"."SYS_OBJECT_MENU" VALUES ('48', 'user', '1', '114', NULL, NULL, NULL, NULL, NULL, NULL, NULL);
INSERT INTO "PNCS"."SYS_OBJECT_MENU" VALUES ('49', 'user', '1', '113', NULL, NULL, NULL, NULL, NULL, NULL, NULL);
INSERT INTO "PNCS"."SYS_OBJECT_MENU" VALUES ('50', 'user', '1', '36', NULL, NULL, NULL, NULL, NULL, NULL, NULL);
INSERT INTO "PNCS"."SYS_OBJECT_MENU" VALUES ('51', 'user', '1', '28', NULL, NULL, NULL, NULL, NULL, NULL, NULL);
INSERT INTO "PNCS"."SYS_OBJECT_MENU" VALUES ('52', 'user', '1', '73', NULL, NULL, NULL, NULL, NULL, NULL, NULL);
INSERT INTO "PNCS"."SYS_OBJECT_MENU" VALUES ('53', 'user', '1', '74', NULL, NULL, NULL, NULL, NULL, NULL, NULL);
INSERT INTO "PNCS"."SYS_OBJECT_MENU" VALUES ('54', 'user', '1', '75', NULL, NULL, NULL, NULL, NULL, NULL, NULL);
INSERT INTO "PNCS"."SYS_OBJECT_MENU" VALUES ('55', 'user', '1', '30', NULL, NULL, NULL, NULL, NULL, NULL, NULL);
INSERT INTO "PNCS"."SYS_OBJECT_MENU" VALUES ('56', 'user', '1', '82', NULL, NULL, NULL, NULL, NULL, NULL, NULL);
INSERT INTO "PNCS"."SYS_OBJECT_MENU" VALUES ('57', 'user', '1', '18', NULL, NULL, NULL, NULL, NULL, NULL, NULL);
INSERT INTO "PNCS"."SYS_OBJECT_MENU" VALUES ('58', 'user', '1', '77', NULL, NULL, NULL, NULL, NULL, NULL, NULL);
INSERT INTO "PNCS"."SYS_OBJECT_MENU" VALUES ('59', 'user', '1', '78', NULL, NULL, NULL, NULL, NULL, NULL, NULL);
INSERT INTO "PNCS"."SYS_OBJECT_MENU" VALUES ('60', 'user', '1', '79', NULL, NULL, NULL, NULL, NULL, NULL, NULL);
INSERT INTO "PNCS"."SYS_OBJECT_MENU" VALUES ('61', 'user', '1', '14', NULL, NULL, NULL, NULL, NULL, NULL, NULL);
INSERT INTO "PNCS"."SYS_OBJECT_MENU" VALUES ('62', 'user', '1', '38', NULL, NULL, NULL, NULL, NULL, NULL, NULL);
INSERT INTO "PNCS"."SYS_OBJECT_MENU" VALUES ('63', 'user', '1', '116', NULL, NULL, NULL, NULL, NULL, NULL, NULL);
INSERT INTO "PNCS"."SYS_OBJECT_MENU" VALUES ('64', 'user', '1', '10', NULL, NULL, NULL, NULL, NULL, NULL, NULL);
INSERT INTO "PNCS"."SYS_OBJECT_MENU" VALUES ('65', 'user', '1', '83', NULL, NULL, NULL, NULL, NULL, NULL, NULL);
INSERT INTO "PNCS"."SYS_OBJECT_MENU" VALUES ('66', 'user', '1', '11', NULL, NULL, NULL, NULL, NULL, NULL, NULL);
INSERT INTO "PNCS"."SYS_OBJECT_MENU" VALUES ('67', 'user', '1', '15', NULL, NULL, NULL, NULL, NULL, NULL, NULL);
INSERT INTO "PNCS"."SYS_OBJECT_MENU" VALUES ('68', 'user', '1', '33', NULL, NULL, NULL, NULL, NULL, NULL, NULL);
INSERT INTO "PNCS"."SYS_OBJECT_MENU" VALUES ('69', 'user', '1', '34', NULL, NULL, NULL, NULL, NULL, NULL, NULL);
INSERT INTO "PNCS"."SYS_OBJECT_MENU" VALUES ('70', 'user', '1', '21', NULL, NULL, NULL, NULL, NULL, NULL, NULL);
INSERT INTO "PNCS"."SYS_OBJECT_MENU" VALUES ('71', 'user', '1', '23', NULL, NULL, NULL, NULL, NULL, NULL, NULL);
INSERT INTO "PNCS"."SYS_OBJECT_MENU" VALUES ('72', 'user', '1', '22', NULL, NULL, NULL, NULL, NULL, NULL, NULL);
INSERT INTO "PNCS"."SYS_OBJECT_MENU" VALUES ('73', 'user', '1', '27', NULL, NULL, NULL, NULL, NULL, NULL, NULL);
INSERT INTO "PNCS"."SYS_OBJECT_MENU" VALUES ('74', 'user', '1', '24', NULL, NULL, NULL, NULL, NULL, NULL, NULL);

-- ----------------------------
-- Table structure for SYS_ROLE
-- ----------------------------
DROP TABLE "PNCS"."SYS_ROLE";
CREATE TABLE "PNCS"."SYS_ROLE" (
  "ID" VARCHAR2(32 BYTE) NOT NULL,
  "NAME" VARCHAR2(255 BYTE),
  "REMARK" VARCHAR2(255 BYTE),
  "DATA_SCOPE" VARCHAR2(255 BYTE),
  "ROLE_LEVEL" NUMBER(10,0),
  "CREATE_TIME" DATE,
  "PERMISSION" VARCHAR2(255 BYTE),
  "CRT_USER_CODE" VARCHAR2(32 BYTE),
  "CRT_ORG_CODE" VARCHAR2(32 BYTE),
  "CRT_DATE" DATE,
  "UPD_USER_CODE" VARCHAR2(32 BYTE),
  "UPD_ORG_CODE" VARCHAR2(32 BYTE),
  "UPD_DATE" DATE,
  "TENANT" VARCHAR2(32 BYTE)
)
TABLESPACE "TS_PNCS"
LOGGING
NOCOMPRESS
PCTFREE 10
INITRANS 1
STORAGE (
  INITIAL 65536 
  NEXT 1048576 
  MINEXTENTS 1
  MAXEXTENTS 2147483645
  BUFFER_POOL DEFAULT
)
PARALLEL 1
NOCACHE
DISABLE ROW MOVEMENT
;
COMMENT ON COLUMN "PNCS"."SYS_ROLE"."ID" IS 'ID';
COMMENT ON COLUMN "PNCS"."SYS_ROLE"."NAME" IS '名称';
COMMENT ON COLUMN "PNCS"."SYS_ROLE"."REMARK" IS '备注';
COMMENT ON COLUMN "PNCS"."SYS_ROLE"."DATA_SCOPE" IS '数据权限';
COMMENT ON COLUMN "PNCS"."SYS_ROLE"."ROLE_LEVEL" IS '角色级别';
COMMENT ON COLUMN "PNCS"."SYS_ROLE"."CREATE_TIME" IS '创建日期';
COMMENT ON COLUMN "PNCS"."SYS_ROLE"."PERMISSION" IS '功能权限';
COMMENT ON COLUMN "PNCS"."SYS_ROLE"."CRT_USER_CODE" IS '创建人';
COMMENT ON COLUMN "PNCS"."SYS_ROLE"."CRT_ORG_CODE" IS '创建机构';
COMMENT ON COLUMN "PNCS"."SYS_ROLE"."CRT_DATE" IS '创建日期';
COMMENT ON COLUMN "PNCS"."SYS_ROLE"."UPD_USER_CODE" IS '修改人';
COMMENT ON COLUMN "PNCS"."SYS_ROLE"."UPD_ORG_CODE" IS '修改机构';
COMMENT ON COLUMN "PNCS"."SYS_ROLE"."UPD_DATE" IS '修改日期';
COMMENT ON COLUMN "PNCS"."SYS_ROLE"."TENANT" IS '租户';
COMMENT ON TABLE "PNCS"."SYS_ROLE" IS '应用层-角色表';

-- ----------------------------
-- Records of SYS_ROLE
-- ----------------------------
INSERT INTO "PNCS"."SYS_ROLE" VALUES ('1', '超级管理员', '-', '全部', '1', TO_DATE('2019-12-25 17:05:37', 'SYYYY-MM-DD HH24:MI:SS'), 'admin', NULL, NULL, NULL, NULL, NULL, NULL, NULL);
INSERT INTO "PNCS"."SYS_ROLE" VALUES ('2', '普通用户', '-', '本级', '2', TO_DATE('2019-12-25 17:05:37', 'SYYYY-MM-DD HH24:MI:SS'), 'common', NULL, NULL, NULL, NULL, NULL, NULL, NULL);
INSERT INTO "PNCS"."SYS_ROLE" VALUES ('8b81e4816f453895016f453da17b0039', '测试角色', NULL, '全部', '3', TO_DATE('2019-12-27 10:44:24', 'SYYYY-MM-DD HH24:MI:SS'), '2', NULL, NULL, NULL, NULL, NULL, NULL, NULL);

-- ----------------------------
-- Table structure for SYS_ROLE_DEPT
-- ----------------------------
DROP TABLE "PNCS"."SYS_ROLE_DEPT";
CREATE TABLE "PNCS"."SYS_ROLE_DEPT" (
  "ID" VARCHAR2(32 BYTE),
  "ROLE_ID" VARCHAR2(32 BYTE) NOT NULL,
  "DEPT_ID" VARCHAR2(32 BYTE) NOT NULL,
  "CRT_USER_CODE" VARCHAR2(32 BYTE),
  "CRT_ORG_CODE" VARCHAR2(32 BYTE),
  "CRT_DATE" DATE,
  "UPD_USER_CODE" VARCHAR2(32 BYTE),
  "UPD_ORG_CODE" VARCHAR2(32 BYTE),
  "UPD_DATE" DATE,
  "TENANT" VARCHAR2(32 BYTE)
)
TABLESPACE "TS_PNCS"
LOGGING
NOCOMPRESS
PCTFREE 10
INITRANS 1
STORAGE (
  BUFFER_POOL DEFAULT
)
PARALLEL 1
NOCACHE
DISABLE ROW MOVEMENT
;
COMMENT ON COLUMN "PNCS"."SYS_ROLE_DEPT"."ID" IS '依赖ID';
COMMENT ON COLUMN "PNCS"."SYS_ROLE_DEPT"."ROLE_ID" IS '角色ID';
COMMENT ON COLUMN "PNCS"."SYS_ROLE_DEPT"."DEPT_ID" IS '部门ID';
COMMENT ON COLUMN "PNCS"."SYS_ROLE_DEPT"."CRT_USER_CODE" IS '创建用户';
COMMENT ON COLUMN "PNCS"."SYS_ROLE_DEPT"."CRT_ORG_CODE" IS '创建机构';
COMMENT ON COLUMN "PNCS"."SYS_ROLE_DEPT"."CRT_DATE" IS '创建时间';
COMMENT ON COLUMN "PNCS"."SYS_ROLE_DEPT"."UPD_USER_CODE" IS '修改用户';
COMMENT ON COLUMN "PNCS"."SYS_ROLE_DEPT"."UPD_ORG_CODE" IS '修改机构';
COMMENT ON COLUMN "PNCS"."SYS_ROLE_DEPT"."UPD_DATE" IS '修改时间';
COMMENT ON COLUMN "PNCS"."SYS_ROLE_DEPT"."TENANT" IS '租户';
COMMENT ON TABLE "PNCS"."SYS_ROLE_DEPT" IS '应用层-角色部门关联表';

-- ----------------------------
-- Records of SYS_ROLE_DEPT
-- ----------------------------

-- ----------------------------
-- Table structure for SYS_ROLE_MENU
-- ----------------------------
DROP TABLE "PNCS"."SYS_ROLE_MENU";
CREATE TABLE "PNCS"."SYS_ROLE_MENU" (
  "ID" VARCHAR2(32 BYTE),
  "MENU_ID" VARCHAR2(32 BYTE),
  "ROLE_ID" VARCHAR2(32 BYTE),
  "CRT_USER_CODE" VARCHAR2(32 BYTE),
  "CRT_ORG_CODE" VARCHAR2(32 BYTE),
  "CRT_DATE" DATE,
  "UPD_USER_CODE" VARCHAR2(32 BYTE),
  "UPD_ORG_CODE" VARCHAR2(32 BYTE),
  "UPD_DATE" DATE,
  "TENANT" VARCHAR2(32 BYTE)
)
TABLESPACE "TS_PNCS"
LOGGING
NOCOMPRESS
PCTFREE 10
INITRANS 1
STORAGE (
  INITIAL 65536 
  NEXT 1048576 
  MINEXTENTS 1
  MAXEXTENTS 2147483645
  BUFFER_POOL DEFAULT
)
PARALLEL 1
NOCACHE
DISABLE ROW MOVEMENT
;
COMMENT ON COLUMN "PNCS"."SYS_ROLE_MENU"."ID" IS '主键ID';
COMMENT ON COLUMN "PNCS"."SYS_ROLE_MENU"."MENU_ID" IS '菜单ID';
COMMENT ON COLUMN "PNCS"."SYS_ROLE_MENU"."ROLE_ID" IS '角色ID';
COMMENT ON COLUMN "PNCS"."SYS_ROLE_MENU"."CRT_USER_CODE" IS '创建用户';
COMMENT ON COLUMN "PNCS"."SYS_ROLE_MENU"."CRT_ORG_CODE" IS '创建机构';
COMMENT ON COLUMN "PNCS"."SYS_ROLE_MENU"."CRT_DATE" IS '创建时间';
COMMENT ON COLUMN "PNCS"."SYS_ROLE_MENU"."UPD_USER_CODE" IS '修改用户';
COMMENT ON COLUMN "PNCS"."SYS_ROLE_MENU"."UPD_ORG_CODE" IS '修改机构';
COMMENT ON COLUMN "PNCS"."SYS_ROLE_MENU"."UPD_DATE" IS '修改时间';
COMMENT ON COLUMN "PNCS"."SYS_ROLE_MENU"."TENANT" IS '租户';
COMMENT ON TABLE "PNCS"."SYS_ROLE_MENU" IS '应用层-角色菜单关联表';

-- ----------------------------
-- Records of SYS_ROLE_MENU
-- ----------------------------
INSERT INTO "PNCS"."SYS_ROLE_MENU" VALUES ('1', '1', '1', NULL, NULL, NULL, NULL, NULL, NULL, NULL);
INSERT INTO "PNCS"."SYS_ROLE_MENU" VALUES ('2', '1', '2', NULL, NULL, NULL, NULL, NULL, NULL, NULL);
INSERT INTO "PNCS"."SYS_ROLE_MENU" VALUES ('3', '1', '8b81e4816f453895016f453da17b0039', NULL, NULL, NULL, NULL, NULL, NULL, NULL);
INSERT INTO "PNCS"."SYS_ROLE_MENU" VALUES ('4', '10', '1', NULL, NULL, NULL, NULL, NULL, NULL, NULL);
INSERT INTO "PNCS"."SYS_ROLE_MENU" VALUES ('5', '10', '2', NULL, NULL, NULL, NULL, NULL, NULL, NULL);
INSERT INTO "PNCS"."SYS_ROLE_MENU" VALUES ('6', '10', '8b81e4816f453895016f453da17b0039', NULL, NULL, NULL, NULL, NULL, NULL, NULL);
INSERT INTO "PNCS"."SYS_ROLE_MENU" VALUES ('7', '11', '1', NULL, NULL, NULL, NULL, NULL, NULL, NULL);
INSERT INTO "PNCS"."SYS_ROLE_MENU" VALUES ('8', '11', '2', NULL, NULL, NULL, NULL, NULL, NULL, NULL);
INSERT INTO "PNCS"."SYS_ROLE_MENU" VALUES ('9', '116', '1', NULL, NULL, NULL, NULL, NULL, NULL, NULL);
INSERT INTO "PNCS"."SYS_ROLE_MENU" VALUES ('10', '14', '1', NULL, NULL, NULL, NULL, NULL, NULL, NULL);
INSERT INTO "PNCS"."SYS_ROLE_MENU" VALUES ('11', '14', '2', NULL, NULL, NULL, NULL, NULL, NULL, NULL);
INSERT INTO "PNCS"."SYS_ROLE_MENU" VALUES ('12', '15', '1', NULL, NULL, NULL, NULL, NULL, NULL, NULL);
INSERT INTO "PNCS"."SYS_ROLE_MENU" VALUES ('13', '15', '2', NULL, NULL, NULL, NULL, NULL, NULL, NULL);
INSERT INTO "PNCS"."SYS_ROLE_MENU" VALUES ('14', '18', '1', NULL, NULL, NULL, NULL, NULL, NULL, NULL);
INSERT INTO "PNCS"."SYS_ROLE_MENU" VALUES ('15', '18', '2', NULL, NULL, NULL, NULL, NULL, NULL, NULL);
INSERT INTO "PNCS"."SYS_ROLE_MENU" VALUES ('16', '2', '1', NULL, NULL, NULL, NULL, NULL, NULL, NULL);
INSERT INTO "PNCS"."SYS_ROLE_MENU" VALUES ('17', '2', '2', NULL, NULL, NULL, NULL, NULL, NULL, NULL);
INSERT INTO "PNCS"."SYS_ROLE_MENU" VALUES ('18', '21', '1', NULL, NULL, NULL, NULL, NULL, NULL, NULL);
INSERT INTO "PNCS"."SYS_ROLE_MENU" VALUES ('19', '21', '2', NULL, NULL, NULL, NULL, NULL, NULL, NULL);
INSERT INTO "PNCS"."SYS_ROLE_MENU" VALUES ('20', '21', '8b81e4816f453895016f453da17b0039', NULL, NULL, NULL, NULL, NULL, NULL, NULL);
INSERT INTO "PNCS"."SYS_ROLE_MENU" VALUES ('21', '22', '1', NULL, NULL, NULL, NULL, NULL, NULL, NULL);
INSERT INTO "PNCS"."SYS_ROLE_MENU" VALUES ('22', '23', '1', NULL, NULL, NULL, NULL, NULL, NULL, NULL);
INSERT INTO "PNCS"."SYS_ROLE_MENU" VALUES ('23', '23', '2', NULL, NULL, NULL, NULL, NULL, NULL, NULL);
INSERT INTO "PNCS"."SYS_ROLE_MENU" VALUES ('24', '24', '1', NULL, NULL, NULL, NULL, NULL, NULL, NULL);
INSERT INTO "PNCS"."SYS_ROLE_MENU" VALUES ('25', '24', '2', NULL, NULL, NULL, NULL, NULL, NULL, NULL);
INSERT INTO "PNCS"."SYS_ROLE_MENU" VALUES ('26', '27', '1', NULL, NULL, NULL, NULL, NULL, NULL, NULL);
INSERT INTO "PNCS"."SYS_ROLE_MENU" VALUES ('27', '27', '2', NULL, NULL, NULL, NULL, NULL, NULL, NULL);
INSERT INTO "PNCS"."SYS_ROLE_MENU" VALUES ('28', '28', '1', NULL, NULL, NULL, NULL, NULL, NULL, NULL);
INSERT INTO "PNCS"."SYS_ROLE_MENU" VALUES ('29', '28', '2', NULL, NULL, NULL, NULL, NULL, NULL, NULL);
INSERT INTO "PNCS"."SYS_ROLE_MENU" VALUES ('30', '3', '1', NULL, NULL, NULL, NULL, NULL, NULL, NULL);
INSERT INTO "PNCS"."SYS_ROLE_MENU" VALUES ('31', '3', '2', NULL, NULL, NULL, NULL, NULL, NULL, NULL);
INSERT INTO "PNCS"."SYS_ROLE_MENU" VALUES ('32', '30', '1', NULL, NULL, NULL, NULL, NULL, NULL, NULL);
INSERT INTO "PNCS"."SYS_ROLE_MENU" VALUES ('33', '30', '2', NULL, NULL, NULL, NULL, NULL, NULL, NULL);
INSERT INTO "PNCS"."SYS_ROLE_MENU" VALUES ('34', '32', '1', NULL, NULL, NULL, NULL, NULL, NULL, NULL);
INSERT INTO "PNCS"."SYS_ROLE_MENU" VALUES ('35', '33', '1', NULL, NULL, NULL, NULL, NULL, NULL, NULL);
INSERT INTO "PNCS"."SYS_ROLE_MENU" VALUES ('36', '33', '2', NULL, NULL, NULL, NULL, NULL, NULL, NULL);
INSERT INTO "PNCS"."SYS_ROLE_MENU" VALUES ('37', '34', '1', NULL, NULL, NULL, NULL, NULL, NULL, NULL);
INSERT INTO "PNCS"."SYS_ROLE_MENU" VALUES ('38', '34', '2', NULL, NULL, NULL, NULL, NULL, NULL, NULL);
INSERT INTO "PNCS"."SYS_ROLE_MENU" VALUES ('39', '35', '1', NULL, NULL, NULL, NULL, NULL, NULL, NULL);
INSERT INTO "PNCS"."SYS_ROLE_MENU" VALUES ('40', '35', '2', NULL, NULL, NULL, NULL, NULL, NULL, NULL);
INSERT INTO "PNCS"."SYS_ROLE_MENU" VALUES ('41', '36', '1', NULL, NULL, NULL, NULL, NULL, NULL, NULL);
INSERT INTO "PNCS"."SYS_ROLE_MENU" VALUES ('42', '36', '2', NULL, NULL, NULL, NULL, NULL, NULL, NULL);
INSERT INTO "PNCS"."SYS_ROLE_MENU" VALUES ('43', '36', '8b81e4816f453895016f453da17b0039', NULL, NULL, NULL, NULL, NULL, NULL, NULL);
INSERT INTO "PNCS"."SYS_ROLE_MENU" VALUES ('44', '38', '1', NULL, NULL, NULL, NULL, NULL, NULL, NULL);
INSERT INTO "PNCS"."SYS_ROLE_MENU" VALUES ('45', '38', '2', NULL, NULL, NULL, NULL, NULL, NULL, NULL);
INSERT INTO "PNCS"."SYS_ROLE_MENU" VALUES ('46', '39', '1', NULL, NULL, NULL, NULL, NULL, NULL, NULL);
INSERT INTO "PNCS"."SYS_ROLE_MENU" VALUES ('47', '39', '2', NULL, NULL, NULL, NULL, NULL, NULL, NULL);
INSERT INTO "PNCS"."SYS_ROLE_MENU" VALUES ('48', '41', '1', NULL, NULL, NULL, NULL, NULL, NULL, NULL);
INSERT INTO "PNCS"."SYS_ROLE_MENU" VALUES ('49', '44', '1', NULL, NULL, NULL, NULL, NULL, NULL, NULL);
INSERT INTO "PNCS"."SYS_ROLE_MENU" VALUES ('50', '44', '2', NULL, NULL, NULL, NULL, NULL, NULL, NULL);
INSERT INTO "PNCS"."SYS_ROLE_MENU" VALUES ('51', '45', '1', NULL, NULL, NULL, NULL, NULL, NULL, NULL);
INSERT INTO "PNCS"."SYS_ROLE_MENU" VALUES ('52', '46', '1', NULL, NULL, NULL, NULL, NULL, NULL, NULL);
INSERT INTO "PNCS"."SYS_ROLE_MENU" VALUES ('53', '48', '1', NULL, NULL, NULL, NULL, NULL, NULL, NULL);
INSERT INTO "PNCS"."SYS_ROLE_MENU" VALUES ('54', '48', '2', NULL, NULL, NULL, NULL, NULL, NULL, NULL);
INSERT INTO "PNCS"."SYS_ROLE_MENU" VALUES ('55', '49', '1', NULL, NULL, NULL, NULL, NULL, NULL, NULL);
INSERT INTO "PNCS"."SYS_ROLE_MENU" VALUES ('56', '49', '2', NULL, NULL, NULL, NULL, NULL, NULL, NULL);
INSERT INTO "PNCS"."SYS_ROLE_MENU" VALUES ('57', '5', '1', NULL, NULL, NULL, NULL, NULL, NULL, NULL);
INSERT INTO "PNCS"."SYS_ROLE_MENU" VALUES ('58', '5', '2', NULL, NULL, NULL, NULL, NULL, NULL, NULL);
INSERT INTO "PNCS"."SYS_ROLE_MENU" VALUES ('59', '50', '1', NULL, NULL, NULL, NULL, NULL, NULL, NULL);
INSERT INTO "PNCS"."SYS_ROLE_MENU" VALUES ('60', '50', '2', NULL, NULL, NULL, NULL, NULL, NULL, NULL);
INSERT INTO "PNCS"."SYS_ROLE_MENU" VALUES ('61', '52', '1', NULL, NULL, NULL, NULL, NULL, NULL, NULL);
INSERT INTO "PNCS"."SYS_ROLE_MENU" VALUES ('62', '53', '1', NULL, NULL, NULL, NULL, NULL, NULL, NULL);
INSERT INTO "PNCS"."SYS_ROLE_MENU" VALUES ('63', '54', '1', NULL, NULL, NULL, NULL, NULL, NULL, NULL);
INSERT INTO "PNCS"."SYS_ROLE_MENU" VALUES ('64', '56', '1', NULL, NULL, NULL, NULL, NULL, NULL, NULL);
INSERT INTO "PNCS"."SYS_ROLE_MENU" VALUES ('65', '57', '1', NULL, NULL, NULL, NULL, NULL, NULL, NULL);
INSERT INTO "PNCS"."SYS_ROLE_MENU" VALUES ('66', '58', '1', NULL, NULL, NULL, NULL, NULL, NULL, NULL);
INSERT INTO "PNCS"."SYS_ROLE_MENU" VALUES ('67', '6', '1', NULL, NULL, NULL, NULL, NULL, NULL, NULL);
INSERT INTO "PNCS"."SYS_ROLE_MENU" VALUES ('68', '6', '2', NULL, NULL, NULL, NULL, NULL, NULL, NULL);
INSERT INTO "PNCS"."SYS_ROLE_MENU" VALUES ('69', '6', '8b81e4816f453895016f453da17b0039', NULL, NULL, NULL, NULL, NULL, NULL, NULL);
INSERT INTO "PNCS"."SYS_ROLE_MENU" VALUES ('70', '64', '1', NULL, NULL, NULL, NULL, NULL, NULL, NULL);
INSERT INTO "PNCS"."SYS_ROLE_MENU" VALUES ('71', '65', '1', NULL, NULL, NULL, NULL, NULL, NULL, NULL);
INSERT INTO "PNCS"."SYS_ROLE_MENU" VALUES ('72', '66', '1', NULL, NULL, NULL, NULL, NULL, NULL, NULL);
INSERT INTO "PNCS"."SYS_ROLE_MENU" VALUES ('73', '7', '1', NULL, NULL, NULL, NULL, NULL, NULL, NULL);
INSERT INTO "PNCS"."SYS_ROLE_MENU" VALUES ('74', '73', '1', NULL, NULL, NULL, NULL, NULL, NULL, NULL);
INSERT INTO "PNCS"."SYS_ROLE_MENU" VALUES ('75', '74', '1', NULL, NULL, NULL, NULL, NULL, NULL, NULL);
INSERT INTO "PNCS"."SYS_ROLE_MENU" VALUES ('76', '75', '1', NULL, NULL, NULL, NULL, NULL, NULL, NULL);
INSERT INTO "PNCS"."SYS_ROLE_MENU" VALUES ('77', '77', '1', NULL, NULL, NULL, NULL, NULL, NULL, NULL);
INSERT INTO "PNCS"."SYS_ROLE_MENU" VALUES ('78', '77', '2', NULL, NULL, NULL, NULL, NULL, NULL, NULL);
INSERT INTO "PNCS"."SYS_ROLE_MENU" VALUES ('79', '78', '1', NULL, NULL, NULL, NULL, NULL, NULL, NULL);
INSERT INTO "PNCS"."SYS_ROLE_MENU" VALUES ('80', '78', '2', NULL, NULL, NULL, NULL, NULL, NULL, NULL);
INSERT INTO "PNCS"."SYS_ROLE_MENU" VALUES ('81', '79', '1', NULL, NULL, NULL, NULL, NULL, NULL, NULL);
INSERT INTO "PNCS"."SYS_ROLE_MENU" VALUES ('82', '79', '2', NULL, NULL, NULL, NULL, NULL, NULL, NULL);
INSERT INTO "PNCS"."SYS_ROLE_MENU" VALUES ('83', '80', '1', NULL, NULL, NULL, NULL, NULL, NULL, NULL);
INSERT INTO "PNCS"."SYS_ROLE_MENU" VALUES ('84', '82', '1', NULL, NULL, NULL, NULL, NULL, NULL, NULL);
INSERT INTO "PNCS"."SYS_ROLE_MENU" VALUES ('85', '83', '1', NULL, NULL, NULL, NULL, NULL, NULL, NULL);
INSERT INTO "PNCS"."SYS_ROLE_MENU" VALUES ('86', '9', '1', NULL, NULL, NULL, NULL, NULL, NULL, NULL);
INSERT INTO "PNCS"."SYS_ROLE_MENU" VALUES ('87', '9', '2', NULL, NULL, NULL, NULL, NULL, NULL, NULL);
INSERT INTO "PNCS"."SYS_ROLE_MENU" VALUES ('88', '90', '1', NULL, NULL, NULL, NULL, NULL, NULL, NULL);
INSERT INTO "PNCS"."SYS_ROLE_MENU" VALUES ('89', '90', '8b81e4816f453895016f453da17b0039', NULL, NULL, NULL, NULL, NULL, NULL, NULL);
INSERT INTO "PNCS"."SYS_ROLE_MENU" VALUES ('90', '92', '1', NULL, NULL, NULL, NULL, NULL, NULL, NULL);
INSERT INTO "PNCS"."SYS_ROLE_MENU" VALUES ('91', '93', '1', NULL, NULL, NULL, NULL, NULL, NULL, NULL);
INSERT INTO "PNCS"."SYS_ROLE_MENU" VALUES ('92', '94', '1', NULL, NULL, NULL, NULL, NULL, NULL, NULL);
INSERT INTO "PNCS"."SYS_ROLE_MENU" VALUES ('93', '97', '1', NULL, NULL, NULL, NULL, NULL, NULL, NULL);
INSERT INTO "PNCS"."SYS_ROLE_MENU" VALUES ('94', '98', '1', NULL, NULL, NULL, NULL, NULL, NULL, NULL);

-- ----------------------------
-- Table structure for SYS_USER
-- ----------------------------
DROP TABLE "PNCS"."SYS_USER";
CREATE TABLE "PNCS"."SYS_USER" (
  "ID" VARCHAR2(32 BYTE) NOT NULL,
  "AVATAR" VARCHAR2(32 BYTE),
  "EMAIL" VARCHAR2(255 BYTE),
  "ENABLED" CHAR(1 BYTE),
  "PASSWORD" VARCHAR2(255 BYTE),
  "USERNAME" VARCHAR2(255 BYTE),
  "DEPT_ID" VARCHAR2(32 BYTE),
  "PHONE" VARCHAR2(255 BYTE),
  "JOB_ID" VARCHAR2(32 BYTE),
  "CREATE_TIME" DATE,
  "LAST_PASSWORD_RESET_TIME" DATE,
  "NICK_NAME" VARCHAR2(255 BYTE),
  "SEX" VARCHAR2(255 BYTE),
  "CRT_USER_CODE" VARCHAR2(32 BYTE),
  "CRT_ORG_CODE" VARCHAR2(32 BYTE),
  "CRT_DATE" DATE,
  "UPD_USER_CODE" VARCHAR2(32 BYTE),
  "UPD_ORG_CODE" VARCHAR2(32 BYTE),
  "UPD_DATE" DATE,
  "TENANT" VARCHAR2(32 BYTE)
)
TABLESPACE "TS_PNCS"
LOGGING
NOCOMPRESS
PCTFREE 10
INITRANS 1
STORAGE (
  INITIAL 65536 
  NEXT 1048576 
  MINEXTENTS 1
  MAXEXTENTS 2147483645
  BUFFER_POOL DEFAULT
)
PARALLEL 1
NOCACHE
DISABLE ROW MOVEMENT
;
COMMENT ON COLUMN "PNCS"."SYS_USER"."ID" IS 'ID';
COMMENT ON COLUMN "PNCS"."SYS_USER"."AVATAR" IS '头像';
COMMENT ON COLUMN "PNCS"."SYS_USER"."EMAIL" IS '邮箱';
COMMENT ON COLUMN "PNCS"."SYS_USER"."ENABLED" IS '状态：1启用、0禁用';
COMMENT ON COLUMN "PNCS"."SYS_USER"."PASSWORD" IS '密码';
COMMENT ON COLUMN "PNCS"."SYS_USER"."USERNAME" IS '用户名';
COMMENT ON COLUMN "PNCS"."SYS_USER"."DEPT_ID" IS '部门名称';
COMMENT ON COLUMN "PNCS"."SYS_USER"."PHONE" IS '手机号码';
COMMENT ON COLUMN "PNCS"."SYS_USER"."JOB_ID" IS '岗位名称';
COMMENT ON COLUMN "PNCS"."SYS_USER"."CREATE_TIME" IS '创建日期';
COMMENT ON COLUMN "PNCS"."SYS_USER"."LAST_PASSWORD_RESET_TIME" IS '最后修改密码的日期';
COMMENT ON COLUMN "PNCS"."SYS_USER"."CRT_USER_CODE" IS '创建人';
COMMENT ON COLUMN "PNCS"."SYS_USER"."CRT_ORG_CODE" IS '创建机构';
COMMENT ON COLUMN "PNCS"."SYS_USER"."CRT_DATE" IS '创建日期';
COMMENT ON COLUMN "PNCS"."SYS_USER"."UPD_USER_CODE" IS '修改人';
COMMENT ON COLUMN "PNCS"."SYS_USER"."UPD_ORG_CODE" IS '修改机构';
COMMENT ON COLUMN "PNCS"."SYS_USER"."UPD_DATE" IS '修改日期';
COMMENT ON COLUMN "PNCS"."SYS_USER"."TENANT" IS '租户';
COMMENT ON TABLE "PNCS"."SYS_USER" IS '应用层-系统用户表';

-- ----------------------------
-- Records of SYS_USER
-- ----------------------------
INSERT INTO "PNCS"."SYS_USER" VALUES ('1', NULL, 'zhengjie@tom.com', '1', '$2a$10$fP.426qKaTmix50Oln8L.uav55gELhAd0Eg66Av4oG86u8km7D/Ky', 'admin', '2', '18888888888', '11', TO_DATE('2019-12-25 17:05:37', 'SYYYY-MM-DD HH24:MI:SS'), TO_DATE('2019-12-25 17:05:37', 'SYYYY-MM-DD HH24:MI:SS'), '管理员', '男', NULL, NULL, NULL, NULL, NULL, NULL, NULL);
INSERT INTO "PNCS"."SYS_USER" VALUES ('3', NULL, 'test@eladmin.net', '1', '$2a$10$HhxyGZy.ulf3RvAwaHUGb.k.2i9PBpv4YbLMJWp8pES7pPhTyRCF.', 'test', '2', '17777777777', '12', TO_DATE('2019-12-25 17:05:37', 'SYYYY-MM-DD HH24:MI:SS'), TO_DATE('2019-12-25 17:05:37', 'SYYYY-MM-DD HH24:MI:SS'), '测试1', '男', NULL, NULL, NULL, NULL, NULL, NULL, NULL);
INSERT INTO "PNCS"."SYS_USER" VALUES ('8b81e4816f453895016f453d5e910034', NULL, '188@qq.com', '1', '$2a$10$4AD2rqKtw3B4SkmMOPTFmuDoW7VMCnCsJ1a0sFyE6oF2oW2MDWGui', 'test2', '1', '18888888888', '8b81e4816f453895016f453cd6320028', TO_DATE('2019-12-27 10:44:07', 'SYYYY-MM-DD HH24:MI:SS'), TO_DATE('2019-12-25 17:05:37', 'SYYYY-MM-DD HH24:MI:SS'), '测试2', '男', NULL, NULL, NULL, NULL, NULL, NULL, NULL);

-- ----------------------------
-- Table structure for SYS_USER_ROLE
-- ----------------------------
DROP TABLE "PNCS"."SYS_USER_ROLE";
CREATE TABLE "PNCS"."SYS_USER_ROLE" (
  "ID" VARCHAR2(32 BYTE),
  "USER_ID" VARCHAR2(32 BYTE),
  "ROLE_ID" VARCHAR2(32 BYTE),
  "CRT_USER_CODE" VARCHAR2(32 BYTE),
  "CRT_ORG_CODE" VARCHAR2(32 BYTE),
  "CRT_DATE" DATE,
  "UPD_USER_CODE" VARCHAR2(32 BYTE),
  "UPD_ORG_CODE" VARCHAR2(32 BYTE),
  "UPD_DATE" DATE,
  "TENANT" VARCHAR2(32 BYTE)
)
TABLESPACE "TS_PNCS"
LOGGING
NOCOMPRESS
PCTFREE 10
INITRANS 1
STORAGE (
  INITIAL 65536 
  NEXT 1048576 
  MINEXTENTS 1
  MAXEXTENTS 2147483645
  BUFFER_POOL DEFAULT
)
PARALLEL 1
NOCACHE
DISABLE ROW MOVEMENT
;
COMMENT ON COLUMN "PNCS"."SYS_USER_ROLE"."ID" IS '主键ID';
COMMENT ON COLUMN "PNCS"."SYS_USER_ROLE"."USER_ID" IS '用户ID';
COMMENT ON COLUMN "PNCS"."SYS_USER_ROLE"."ROLE_ID" IS '角色ID';
COMMENT ON COLUMN "PNCS"."SYS_USER_ROLE"."CRT_USER_CODE" IS '创建用户';
COMMENT ON COLUMN "PNCS"."SYS_USER_ROLE"."CRT_ORG_CODE" IS '创建机构';
COMMENT ON COLUMN "PNCS"."SYS_USER_ROLE"."CRT_DATE" IS '创建时间';
COMMENT ON COLUMN "PNCS"."SYS_USER_ROLE"."UPD_USER_CODE" IS '修改用户';
COMMENT ON COLUMN "PNCS"."SYS_USER_ROLE"."UPD_ORG_CODE" IS '修改机构';
COMMENT ON COLUMN "PNCS"."SYS_USER_ROLE"."UPD_DATE" IS '修改时间';
COMMENT ON COLUMN "PNCS"."SYS_USER_ROLE"."TENANT" IS '租户';
COMMENT ON TABLE "PNCS"."SYS_USER_ROLE" IS '应用层-用户角色关联表';

-- ----------------------------
-- Records of SYS_USER_ROLE
-- ----------------------------
INSERT INTO "PNCS"."SYS_USER_ROLE" VALUES ('1', '1', '1', NULL, NULL, NULL, NULL, NULL, NULL, NULL);
INSERT INTO "PNCS"."SYS_USER_ROLE" VALUES ('2', '3', '2', NULL, NULL, NULL, NULL, NULL, NULL, NULL);
INSERT INTO "PNCS"."SYS_USER_ROLE" VALUES ('3', '8b81e4816f453895016f453d5e910034', '1', NULL, NULL, NULL, NULL, NULL, NULL, NULL);

-- ----------------------------
-- Table structure for SYS_VISITS
-- ----------------------------
DROP TABLE "PNCS"."SYS_VISITS";
CREATE TABLE "PNCS"."SYS_VISITS" (
  "ID" VARCHAR2(32 BYTE) NOT NULL,
  "CREATE_TIME" DATE,
  "VISITS_DATE" VARCHAR2(255 BYTE),
  "IP_COUNTS" NUMBER(19,0),
  "PV_COUNTS" NUMBER(19,0),
  "WEEK_DAY" VARCHAR2(255 BYTE),
  "CRT_USER_CODE" VARCHAR2(32 BYTE),
  "CRT_ORG_CODE" VARCHAR2(32 BYTE),
  "CRT_DATE" DATE,
  "UPD_USER_CODE" VARCHAR2(32 BYTE),
  "UPD_ORG_CODE" VARCHAR2(32 BYTE),
  "UPD_DATE" DATE,
  "TENANT" VARCHAR2(32 BYTE)
)
TABLESPACE "TS_PNCS"
LOGGING
NOCOMPRESS
PCTFREE 10
INITRANS 1
STORAGE (
  BUFFER_POOL DEFAULT
)
PARALLEL 1
NOCACHE
DISABLE ROW MOVEMENT
;
COMMENT ON COLUMN "PNCS"."SYS_VISITS"."ID" IS '主键';
COMMENT ON COLUMN "PNCS"."SYS_VISITS"."CREATE_TIME" IS '创建时间';
COMMENT ON COLUMN "PNCS"."SYS_VISITS"."VISITS_DATE" IS '访问时间';
COMMENT ON COLUMN "PNCS"."SYS_VISITS"."IP_COUNTS" IS 'IP数';
COMMENT ON COLUMN "PNCS"."SYS_VISITS"."PV_COUNTS" IS 'PV数';
COMMENT ON COLUMN "PNCS"."SYS_VISITS"."WEEK_DAY" IS '周次';
COMMENT ON COLUMN "PNCS"."SYS_VISITS"."CRT_USER_CODE" IS '创建用户';
COMMENT ON COLUMN "PNCS"."SYS_VISITS"."CRT_ORG_CODE" IS '创建机构';
COMMENT ON COLUMN "PNCS"."SYS_VISITS"."CRT_DATE" IS '创建时间';
COMMENT ON COLUMN "PNCS"."SYS_VISITS"."UPD_USER_CODE" IS '修改用户';
COMMENT ON COLUMN "PNCS"."SYS_VISITS"."UPD_ORG_CODE" IS '修改机构';
COMMENT ON COLUMN "PNCS"."SYS_VISITS"."UPD_DATE" IS '修改时间';
COMMENT ON COLUMN "PNCS"."SYS_VISITS"."TENANT" IS '租户';
COMMENT ON TABLE "PNCS"."SYS_VISITS" IS '应用层-访客记录';

-- ----------------------------
-- Records of SYS_VISITS
-- ----------------------------

-- ----------------------------
-- Primary Key structure for table SYS_DEPT
-- ----------------------------
ALTER TABLE "PNCS"."SYS_DEPT" ADD CONSTRAINT "SYS_DEPT" PRIMARY KEY ("ID");

-- ----------------------------
-- Checks structure for table SYS_DEPT
-- ----------------------------
ALTER TABLE "PNCS"."SYS_DEPT" ADD CONSTRAINT "SYS_C0051896" CHECK ("ID" IS NOT NULL) NOT DEFERRABLE INITIALLY IMMEDIATE NORELY VALIDATE;

-- ----------------------------
-- Primary Key structure for table SYS_DICT
-- ----------------------------
ALTER TABLE "PNCS"."SYS_DICT" ADD CONSTRAINT "SYS_DICT" PRIMARY KEY ("ID");

-- ----------------------------
-- Checks structure for table SYS_DICT
-- ----------------------------
ALTER TABLE "PNCS"."SYS_DICT" ADD CONSTRAINT "SYS_C0051910" CHECK ("ID" IS NOT NULL) NOT DEFERRABLE INITIALLY IMMEDIATE NORELY VALIDATE;

-- ----------------------------
-- Primary Key structure for table SYS_DICT_DETAIL
-- ----------------------------
ALTER TABLE "PNCS"."SYS_DICT_DETAIL" ADD CONSTRAINT "SYS_DICT_DETAIL" PRIMARY KEY ("ID");

-- ----------------------------
-- Checks structure for table SYS_DICT_DETAIL
-- ----------------------------
ALTER TABLE "PNCS"."SYS_DICT_DETAIL" ADD CONSTRAINT "SYS_C0051912" CHECK ("ID" IS NOT NULL) NOT DEFERRABLE INITIALLY IMMEDIATE NORELY VALIDATE;

-- ----------------------------
-- Primary Key structure for table SYS_JOB
-- ----------------------------
ALTER TABLE "PNCS"."SYS_JOB" ADD CONSTRAINT "SYS_JOB" PRIMARY KEY ("ID");

-- ----------------------------
-- Checks structure for table SYS_JOB
-- ----------------------------
ALTER TABLE "PNCS"."SYS_JOB" ADD CONSTRAINT "SYS_C0051914" CHECK ("ID" IS NOT NULL) NOT DEFERRABLE INITIALLY IMMEDIATE NORELY VALIDATE;

-- ----------------------------
-- Primary Key structure for table SYS_LOG
-- ----------------------------
ALTER TABLE "PNCS"."SYS_LOG" ADD CONSTRAINT "SYS_LOG" PRIMARY KEY ("ID");

-- ----------------------------
-- Checks structure for table SYS_LOG
-- ----------------------------
ALTER TABLE "PNCS"."SYS_LOG" ADD CONSTRAINT "SYS_C0051916" CHECK ("ID" IS NOT NULL) NOT DEFERRABLE INITIALLY IMMEDIATE NORELY VALIDATE;

-- ----------------------------
-- Primary Key structure for table SYS_MENU
-- ----------------------------
ALTER TABLE "PNCS"."SYS_MENU" ADD CONSTRAINT "SYS_MENU" PRIMARY KEY ("ID");

-- ----------------------------
-- Checks structure for table SYS_MENU
-- ----------------------------
ALTER TABLE "PNCS"."SYS_MENU" ADD CONSTRAINT "SYS_C0051906" CHECK ("ID" IS NOT NULL) NOT DEFERRABLE INITIALLY IMMEDIATE NORELY VALIDATE;

-- ----------------------------
-- Primary Key structure for table SYS_ROLE
-- ----------------------------
ALTER TABLE "PNCS"."SYS_ROLE" ADD CONSTRAINT "SYS_ROLE" PRIMARY KEY ("ID");

-- ----------------------------
-- Checks structure for table SYS_ROLE
-- ----------------------------
ALTER TABLE "PNCS"."SYS_ROLE" ADD CONSTRAINT "SYS_C0051898" CHECK ("ID" IS NOT NULL) NOT DEFERRABLE INITIALLY IMMEDIATE NORELY VALIDATE;

-- ----------------------------
-- Checks structure for table SYS_ROLE_DEPT
-- ----------------------------
ALTER TABLE "PNCS"."SYS_ROLE_DEPT" ADD CONSTRAINT "SYS_C0051903" CHECK ("ROLE_ID" IS NOT NULL) NOT DEFERRABLE INITIALLY IMMEDIATE NORELY VALIDATE;
ALTER TABLE "PNCS"."SYS_ROLE_DEPT" ADD CONSTRAINT "SYS_C0051904" CHECK ("DEPT_ID" IS NOT NULL) NOT DEFERRABLE INITIALLY IMMEDIATE NORELY VALIDATE;

-- ----------------------------
-- Primary Key structure for table SYS_USER
-- ----------------------------
ALTER TABLE "PNCS"."SYS_USER" ADD CONSTRAINT "SYS_USER" PRIMARY KEY ("ID");

-- ----------------------------
-- Checks structure for table SYS_USER
-- ----------------------------
ALTER TABLE "PNCS"."SYS_USER" ADD CONSTRAINT "SYS_C0051894" CHECK ("ID" IS NOT NULL) NOT DEFERRABLE INITIALLY IMMEDIATE NORELY VALIDATE;

-- ----------------------------
-- Primary Key structure for table SYS_VISITS
-- ----------------------------
ALTER TABLE "PNCS"."SYS_VISITS" ADD CONSTRAINT "SYS_VISITS" PRIMARY KEY ("ID");

-- ----------------------------
-- Checks structure for table SYS_VISITS
-- ----------------------------
ALTER TABLE "PNCS"."SYS_VISITS" ADD CONSTRAINT "SYS_C0051920" CHECK ("ID" IS NOT NULL) NOT DEFERRABLE INITIALLY IMMEDIATE NORELY VALIDATE;
